Order_ID,Order_Date,Category,Product,Region,Customer_Segment,Quantity,Unit_Price,Discount,Revenue,Profit
1001,2025-01-01,Clothing,Backpack,East,Small Business,7,370.02,0.15,2201.62,897.99
1002,2025-01-01,Office Supplies,Pen Set,South,Corporate,5,306.54,0.18,1256.81,558.58
1003,2025-01-01,Furniture,Table,North,Consumer,5,314.48,0.15,1336.54,598.89
1004,2025-01-02,Office Supplies,Pen Set,South,Corporate,7,82.65,0.07,538.05,188.9
1005,2025-01-02,Office Supplies,Stapler,East,Consumer,7,491.87,0.12,3029.92,659.97
1006,2025-01-02,Electronics,Headphones,South,Consumer,4,471.97,0.14,1623.58,561.66
1007,2025-01-03,Furniture,Table,East,Small Business,4,228.47,0.03,886.46,280.39
1008,2025-01-03,Electronics,Keyboard,South,Corporate,2,336.32,0.08,618.83,191.58
1009,2025-01-03,Home & Kitchen,Cookware Set,East,Small Business,2,233.13,0.1,419.63,83.84
1010,2025-01-04,Clothing,T-Shirt,North,Corporate,6,172.79,0.1,933.07,351.52
1011,2025-01-04,Electronics,Keyboard,North,Consumer,4,278.21,0.04,1068.33,249.36
1012,2025-01-05,Electronics,Laptop,West,Small Business,4,157.34,0.0,629.36,249.42
1013,2025-01-05,Office Supplies,Notebook,East,Consumer,3,50.91,0.09,138.98,58.19
1014,2025-01-05,Clothing,Jeans,East,Corporate,1,45.83,0.08,42.16,15.27
1015,2025-01-06,Office Supplies,Pen Set,North,Corporate,1,200.72,0.24,152.55,33.68
1016,2025-01-06,Office Supplies,Notebook,East,Small Business,7,222.36,0.01,1540.95,648.54
1017,2025-01-06,Electronics,Keyboard,North,Small Business,5,261.66,0.23,1007.39,385.52
1018,2025-01-07,Office Supplies,File Folder,West,Corporate,4,472.28,0.15,1605.75,421.36
1019,2025-01-07,Furniture,Sofa,West,Corporate,6,322.2,0.22,1507.9,351.35
1020,2025-01-07,Office Supplies,Printer Paper,North,Small Business,7,449.6,0.08,2895.42,1216.9
1021,2025-01-08,Electronics,Keyboard,North,Corporate,5,432.45,0.0,2162.25,674.83
1022,2025-01-08,Home & Kitchen,Coffee Maker,West,Consumer,3,145.66,0.06,410.76,166.18
1023,2025-01-09,Clothing,T-Shirt,South,Small Business,6,486.31,0.24,2217.57,847.15
1024,2025-01-09,Electronics,Smartphone,West,Corporate,1,498.9,0.07,463.98,86.45
1025,2025-01-09,Home & Kitchen,Coffee Maker,West,Corporate,1,131.19,0.04,125.94,40.03
1026,2025-01-10,Clothing,Jacket,South,Corporate,3,132.45,0.2,317.88,102.68
1027,2025-01-10,Office Supplies,Notebook,West,Small Business,1,170.58,0.05,162.05,71.14
1028,2025-01-10,Clothing,Jacket,West,Consumer,2,263.37,0.06,495.14,136.56
1029,2025-01-11,Electronics,Headphones,East,Corporate,1,342.71,0.18,281.02,110.6
1030,2025-01-11,Furniture,Bookshelf,West,Consumer,7,335.09,0.2,1876.5,563.13
1031,2025-01-11,Furniture,Office Chair,North,Consumer,6,450.15,0.23,2079.69,580.36
1032,2025-01-12,Office Supplies,Pen Set,West,Small Business,3,430.32,0.1,1161.86,244.34
1033,2025-01-12,Electronics,Keyboard,North,Small Business,6,339.46,0.15,1731.25,605.04
1034,2025-01-13,Electronics,Smartphone,West,Consumer,2,92.99,0.14,159.94,42.09
1035,2025-01-13,Electronics,Keyboard,West,Small Business,1,23.77,0.12,20.92,8.4
1036,2025-01-13,Office Supplies,Notebook,South,Corporate,1,278.13,0.13,241.97,67.31
1037,2025-01-14,Home & Kitchen,Blender,North,Small Business,6,454.46,0.11,2426.82,862.68
1038,2025-01-14,Electronics,Smartphone,North,Consumer,4,365.39,0.07,1359.25,602.74
1039,2025-01-14,Clothing,Shoes,North,Consumer,6,477.66,0.23,2206.79,772.5
1040,2025-01-15,Home & Kitchen,Coffee Maker,East,Consumer,6,483.83,0.24,2206.26,484.69
1041,2025-01-15,Home & Kitchen,Coffee Maker,South,Small Business,3,97.2,0.14,250.78,49.46
1042,2025-01-15,Furniture,Desk,North,Consumer,7,266.39,0.22,1454.49,363.61
1043,2025-01-16,Office Supplies,File Folder,North,Corporate,2,407.54,0.2,652.06,140.77
1044,2025-01-16,Electronics,Keyboard,South,Small Business,5,109.22,0.02,535.18,183.5
1045,2025-01-17,Clothing,Jeans,South,Small Business,2,227.66,0.17,377.92,136.58
1046,2025-01-17,Home & Kitchen,Cookware Set,South,Small Business,2,29.79,0.01,58.98,13.44
1047,2025-01-17,Clothing,Backpack,East,Corporate,1,416.52,0.07,387.36,73.36
1048,2025-01-18,Home & Kitchen,Lamp,North,Corporate,6,277.21,0.16,1397.14,354.81
1049,2025-01-18,Clothing,Jeans,South,Small Business,6,34.92,0.1,188.57,62.78
1050,2025-01-18,Furniture,Sofa,North,Consumer,2,481.88,0.21,761.37,199.55
1051,2025-01-19,Furniture,Desk,North,Consumer,1,229.54,0.06,215.77,91.63
1052,2025-01-19,Home & Kitchen,Coffee Maker,East,Small Business,5,372.88,0.14,1603.38,456.7
1053,2025-01-19,Clothing,Jeans,North,Small Business,3,382.56,0.0,1147.68,480.49
1054,2025-01-20,Electronics,Keyboard,East,Consumer,5,244.97,0.02,1200.35,380.83
1055,2025-01-20,Home & Kitchen,Cookware Set,South,Corporate,2,475.34,0.22,741.53,281.45
1056,2025-01-21,Office Supplies,Printer Paper,West,Small Business,1,276.6,0.17,229.58,65.14
1057,2025-01-21,Furniture,Office Chair,South,Small Business,4,299.1,0.24,909.26,267.89
1058,2025-01-21,Clothing,T-Shirt,North,Consumer,1,408.43,0.21,322.66,90.67
1059,2025-01-22,Furniture,Bookshelf,North,Small Business,4,147.87,0.05,561.91,195.62
1060,2025-01-22,Furniture,Bookshelf,South,Corporate,7,49.53,0.08,318.97,70.77
1061,2025-01-22,Furniture,Bookshelf,East,Consumer,1,255.58,0.17,212.13,75.51
1062,2025-01-23,Clothing,T-Shirt,West,Small Business,5,484.28,0.14,2082.4,698.98
1063,2025-01-23,Electronics,Monitor,South,Consumer,4,195.43,0.19,633.19,226.67
1064,2025-01-23,Clothing,T-Shirt,North,Consumer,7,379.17,0.19,2149.89,907.59
1065,2025-01-24,Clothing,T-Shirt,North,Consumer,6,159.35,0.02,936.98,408.11
1066,2025-01-24,Office Supplies,Stapler,East,Corporate,1,169.87,0.24,129.1,24.96
1067,2025-01-25,Home & Kitchen,Storage Box,North,Small Business,3,307.18,0.14,792.52,311.11
1068,2025-01-25,Electronics,Smartphone,North,Small Business,5,254.79,0.01,1261.21,380.42
1069,2025-01-25,Home & Kitchen,Blender,West,Consumer,3,71.78,0.04,206.73,50.52
1070,2025-01-26,Home & Kitchen,Storage Box,North,Consumer,2,207.38,0.22,323.51,132.77
1071,2025-01-26,Office Supplies,File Folder,North,Corporate,1,441.97,0.06,415.45,85.14
1072,2025-01-26,Clothing,Jacket,East,Small Business,5,198.32,0.18,813.11,311.29
1073,2025-01-27,Office Supplies,File Folder,West,Consumer,5,211.52,0.14,909.54,227.33
1074,2025-01-27,Electronics,Laptop,North,Consumer,3,297.93,0.24,679.28,236.92
1075,2025-01-27,Electronics,Smartphone,East,Consumer,6,404.02,0.24,1842.33,552.48
1076,2025-01-28,Home & Kitchen,Blender,South,Small Business,4,50.79,0.14,174.72,32.9
1077,2025-01-28,Electronics,Laptop,East,Small Business,6,157.83,0.25,710.24,185.96
1078,2025-01-29,Electronics,Monitor,West,Consumer,4,479.97,0.01,1900.68,652.84
1079,2025-01-29,Furniture,Table,West,Consumer,4,239.89,0.09,873.2,255.33
1080,2025-01-29,Electronics,Keyboard,West,Consumer,3,353.61,0.13,922.92,338.18
1081,2025-01-30,Clothing,Backpack,West,Consumer,5,456.8,0.21,1804.36,349.24
1082,2025-01-30,Electronics,Headphones,East,Consumer,2,467.37,0.22,729.1,319.19
1083,2025-01-30,Electronics,Headphones,South,Small Business,7,87.95,0.15,523.3,181.67
1084,2025-01-31,Office Supplies,Notebook,North,Small Business,5,45.8,0.01,226.71,93.83
1085,2025-01-31,Clothing,T-Shirt,North,Consumer,5,499.86,0.25,1874.48,562.41
1086,2025-01-31,Home & Kitchen,Cookware Set,North,Small Business,2,198.26,0.06,372.73,147.09
1087,2025-02-01,Home & Kitchen,Storage Box,West,Small Business,4,125.89,0.17,417.95,118.32
1088,2025-02-01,Furniture,Desk,North,Corporate,2,245.96,0.21,388.62,142.58
1089,2025-02-02,Clothing,Backpack,East,Small Business,6,440.18,0.1,2376.97,983.63
1090,2025-02-02,Home & Kitchen,Storage Box,West,Corporate,6,356.48,0.05,2031.94,839.56
1091,2025-02-02,Furniture,Desk,West,Consumer,2,205.24,0.11,365.33,75.21
1092,2025-02-03,Electronics,Keyboard,West,Corporate,6,316.71,0.22,1482.2,287.0
1093,2025-02-03,Electronics,Headphones,North,Corporate,1,140.25,0.11,124.82,23.14
1094,2025-02-03,Home & Kitchen,Blender,East,Small Business,3,131.47,0.02,386.52,160.48
1095,2025-02-04,Office Supplies,Stapler,North,Corporate,4,182.65,0.22,569.87,183.52
1096,2025-02-04,Home & Kitchen,Cookware Set,North,Corporate,3,34.82,0.04,100.28,37.58
1097,2025-02-04,Home & Kitchen,Coffee Maker,South,Corporate,5,238.48,0.05,1132.78,398.34
1098,2025-02-05,Home & Kitchen,Blender,West,Corporate,1,59.76,0.12,52.59,13.9
1099,2025-02-05,Office Supplies,File Folder,North,Small Business,1,149.29,0.2,119.43,29.62
1100,2025-02-06,Furniture,Table,East,Small Business,7,272.66,0.18,1565.07,677.94
1101,2025-02-06,Office Supplies,Pen Set,East,Small Business,7,29.78,0.22,162.6,57.62
1102,2025-02-06,Electronics,Smartphone,South,Corporate,4,24.73,0.08,91.01,35.76
1103,2025-02-07,Clothing,T-Shirt,North,Consumer,1,181.32,0.12,159.56,56.5
1104,2025-02-07,Furniture,Table,West,Small Business,7,372.36,0.14,2241.61,653.73
1105,2025-02-07,Furniture,Office Chair,West,Small Business,5,191.09,0.16,802.58,237.48
1106,2025-02-08,Home & Kitchen,Storage Box,East,Corporate,1,130.05,0.03,126.15,51.56
1107,2025-02-08,Office Supplies,Notebook,West,Small Business,7,40.04,0.0,280.28,73.38
1108,2025-02-08,Furniture,Table,South,Corporate,4,459.94,0.0,1839.76,343.54
1109,2025-02-09,Office Supplies,Notebook,West,Consumer,2,285.03,0.14,490.25,183.55
1110,2025-02-09,Furniture,Table,North,Corporate,3,111.76,0.18,274.93,84.39
1111,2025-02-10,Home & Kitchen,Blender,South,Corporate,7,248.35,0.13,1512.45,659.44
1112,2025-02-10,Home & Kitchen,Cookware Set,East,Consumer,4,112.84,0.17,374.63,159.7
1113,2025-02-10,Electronics,Laptop,South,Small Business,1,303.88,0.12,267.41,90.6
1114,2025-02-11,Electronics,Smartphone,East,Consumer,6,376.8,0.1,2034.72,403.09
1115,2025-02-11,Furniture,Table,West,Consumer,3,47.25,0.19,114.82,33.86
1116,2025-02-11,Office Supplies,Notebook,North,Small Business,5,112.79,0.04,541.39,219.61
1117,2025-02-12,Office Supplies,Printer Paper,West,Small Business,6,189.03,0.22,884.66,304.36
1118,2025-02-12,Office Supplies,File Folder,North,Consumer,6,276.79,0.11,1478.06,434.67
1119,2025-02-12,Furniture,Sofa,East,Corporate,3,278.28,0.11,743.01,267.59
1120,2025-02-13,Clothing,Backpack,South,Consumer,1,273.73,0.22,213.51,50.62
1121,2025-02-13,Electronics,Smartphone,South,Corporate,5,392.61,0.04,1884.53,743.96
1122,2025-02-14,Home & Kitchen,Blender,West,Consumer,2,180.91,0.21,285.84,120.09
1123,2025-02-14,Clothing,Backpack,East,Small Business,5,250.88,0.1,1128.96,272.75
1124,2025-02-14,Office Supplies,Pen Set,East,Corporate,4,278.22,0.06,1046.11,373.11
1125,2025-02-15,Furniture,Desk,South,Consumer,6,313.25,0.23,1447.22,596.89
1126,2025-02-15,Electronics,Keyboard,West,Consumer,3,467.08,0.14,1205.07,315.61
1127,2025-02-15,Furniture,Office Chair,South,Consumer,4,196.6,0.02,770.67,330.71
1128,2025-02-16,Office Supplies,Notebook,East,Consumer,6,129.41,0.04,745.4,297.93
1129,2025-02-16,Electronics,Monitor,West,Consumer,7,208.52,0.01,1445.04,519.49
1130,2025-02-17,Home & Kitchen,Cookware Set,South,Corporate,1,70.42,0.1,63.38,13.74
1131,2025-02-17,Furniture,Bookshelf,East,Small Business,2,460.45,0.15,782.76,345.3
1132,2025-02-17,Electronics,Keyboard,East,Corporate,6,31.43,0.08,173.49,41.51
1133,2025-02-18,Furniture,Table,North,Corporate,2,336.82,0.04,646.69,123.2
1134,2025-02-18,Clothing,Backpack,East,Small Business,1,160.3,0.08,147.48,50.54
1135,2025-02-18,Office Supplies,File Folder,South,Consumer,1,32.73,0.12,28.8,8.57
1136,2025-02-19,Office Supplies,Printer Paper,East,Small Business,2,274.21,0.12,482.61,152.41
1137,2025-02-19,Clothing,T-Shirt,East,Corporate,5,51.62,0.19,209.06,78.71
1138,2025-02-19,Furniture,Table,North,Consumer,1,27.31,0.04,26.22,6.73
1139,2025-02-20,Electronics,Monitor,East,Consumer,7,340.87,0.0,2386.09,1006.67
1140,2025-02-20,Office Supplies,Pen Set,West,Corporate,1,285.01,0.18,233.71,54.35
1141,2025-02-21,Office Supplies,Stapler,West,Corporate,4,339.02,0.05,1288.28,477.76
1142,2025-02-21,Furniture,Office Chair,North,Corporate,7,426.34,0.03,2894.85,617.65
1143,2025-02-21,Furniture,Office Chair,East,Small Business,7,318.01,0.08,2047.98,465.34
1144,2025-02-22,Clothing,Shoes,North,Small Business,5,182.42,0.19,738.8,260.1
1145,2025-02-22,Clothing,Jeans,East,Corporate,6,393.18,0.03,2288.31,680.18
1146,2025-02-22,Electronics,Headphones,North,Small Business,3,263.54,0.19,640.4,167.34
1147,2025-02-23,Electronics,Monitor,East,Consumer,6,492.44,0.13,2570.54,1037.59
1148,2025-02-23,Office Supplies,Printer Paper,North,Consumer,5,410.3,0.12,1805.32,779.65
1149,2025-02-23,Furniture,Table,East,Corporate,7,66.69,0.04,448.16,169.77
1150,2025-02-24,Office Supplies,Printer Paper,North,Corporate,4,322.05,0.12,1133.62,334.66
1151,2025-02-24,Home & Kitchen,Lamp,East,Consumer,6,266.68,0.01,1584.08,641.72
1152,2025-02-25,Office Supplies,File Folder,East,Consumer,4,388.93,0.02,1524.61,341.5
1153,2025-02-25,Office Supplies,Pen Set,North,Consumer,6,245.88,0.17,1224.48,241.29
1154,2025-02-25,Furniture,Table,South,Small Business,7,142.2,0.15,846.09,368.99
1155,2025-02-26,Home & Kitchen,Blender,West,Consumer,2,317.32,0.12,558.48,199.39
1156,2025-02-26,Electronics,Laptop,East,Corporate,5,348.88,0.11,1552.52,595.35
1157,2025-02-26,Home & Kitchen,Lamp,North,Small Business,4,484.33,0.0,1937.32,817.87
1158,2025-02-27,Office Supplies,Notebook,West,Corporate,5,398.16,0.17,1652.36,510.99
1159,2025-02-27,Office Supplies,File Folder,North,Corporate,1,334.51,0.17,277.64,61.28
1160,2025-02-27,Electronics,Keyboard,West,Corporate,7,351.19,0.01,2433.75,654.98
1161,2025-02-28,Electronics,Headphones,East,Consumer,5,244.51,0.08,1124.75,469.54
1162,2025-02-28,Office Supplies,Printer Paper,East,Small Business,3,472.97,0.12,1248.64,271.27
1163,2025-03-01,Furniture,Bookshelf,West,Consumer,2,327.61,0.16,550.38,193.48
1164,2025-03-01,Furniture,Bookshelf,East,Small Business,5,272.18,0.11,1211.2,412.76
1165,2025-03-01,Electronics,Keyboard,North,Corporate,5,335.9,0.18,1377.19,426.32
1166,2025-03-02,Clothing,Jeans,North,Consumer,7,239.04,0.25,1254.96,564.65
1167,2025-03-02,Furniture,Bookshelf,North,Corporate,3,499.0,0.09,1362.27,330.84
1168,2025-03-02,Home & Kitchen,Lamp,South,Consumer,1,296.67,0.07,275.9,94.49
1169,2025-03-03,Clothing,Backpack,South,Corporate,1,130.81,0.03,126.89,44.95
1170,2025-03-03,Clothing,Jeans,East,Consumer,6,300.72,0.07,1678.02,342.67
1171,2025-03-03,Electronics,Laptop,East,Corporate,4,120.85,0.24,367.38,87.32
1172,2025-03-04,Office Supplies,File Folder,West,Consumer,2,96.01,0.25,144.02,55.8
1173,2025-03-04,Home & Kitchen,Blender,North,Consumer,5,73.36,0.01,363.13,125.75
1174,2025-03-05,Furniture,Bookshelf,North,Small Business,6,403.37,0.16,2032.98,796.1
1175,2025-03-05,Clothing,Jeans,South,Consumer,1,99.34,0.1,89.41,21.93
1176,2025-03-05,Office Supplies,Pen Set,West,Corporate,6,317.12,0.19,1541.2,679.03
1177,2025-03-06,Home & Kitchen,Cookware Set,North,Small Business,3,440.57,0.07,1229.19,510.15
1178,2025-03-06,Electronics,Headphones,East,Small Business,4,32.18,0.08,118.42,23.5
1179,2025-03-06,Furniture,Table,South,Corporate,7,17.46,0.17,101.44,44.31
1180,2025-03-07,Home & Kitchen,Lamp,North,Corporate,5,448.82,0.25,1683.07,729.43
1181,2025-03-07,Home & Kitchen,Blender,North,Consumer,2,292.09,0.17,484.87,147.0
1182,2025-03-07,Electronics,Monitor,East,Consumer,4,427.53,0.22,1333.89,345.13
1183,2025-03-08,Electronics,Smartphone,North,Small Business,2,66.33,0.17,110.11,43.92
1184,2025-03-08,Home & Kitchen,Cookware Set,East,Consumer,1,29.18,0.21,23.05,9.57
1185,2025-03-09,Furniture,Table,West,Consumer,2,418.59,0.13,728.35,326.5
1186,2025-03-09,Office Supplies,Notebook,West,Consumer,1,321.43,0.06,302.14,84.24
1187,2025-03-09,Office Supplies,Pen Set,West,Small Business,6,23.94,0.11,127.84,28.53
1188,2025-03-10,Home & Kitchen,Storage Box,East,Consumer,6,469.56,0.17,2338.41,1009.45
1189,2025-03-10,Clothing,T-Shirt,South,Corporate,2,244.68,0.01,484.47,208.24
1190,2025-03-10,Home & Kitchen,Lamp,North,Small Business,4,329.07,0.15,1118.84,387.59
1191,2025-03-11,Electronics,Monitor,North,Consumer,3,346.4,0.11,924.89,347.87
1192,2025-03-11,Office Supplies,File Folder,West,Corporate,1,94.36,0.2,75.49,19.83
1193,2025-03-11,Clothing,Jacket,North,Consumer,3,436.01,0.24,994.1,438.94
1194,2025-03-12,Home & Kitchen,Blender,North,Corporate,4,207.83,0.07,773.13,142.51
1195,2025-03-12,Clothing,Jeans,South,Small Business,5,112.17,0.22,437.46,112.41
1196,2025-03-13,Clothing,Jacket,East,Small Business,4,104.98,0.22,327.54,78.71
1197,2025-03-13,Furniture,Table,West,Corporate,7,318.72,0.03,2164.11,954.84
1198,2025-03-13,Office Supplies,Stapler,South,Consumer,6,239.12,0.0,1434.72,413.85
1199,2025-03-14,Electronics,Keyboard,West,Small Business,7,330.99,0.08,2131.58,619.5
1200,2025-03-14,Home & Kitchen,Coffee Maker,East,Corporate,5,50.14,0.1,225.63,72.3
1201,2025-03-14,Office Supplies,File Folder,South,Small Business,1,432.16,0.19,350.05,153.78
1202,2025-03-15,Electronics,Laptop,South,Consumer,4,493.53,0.04,1895.16,597.54
1203,2025-03-15,Furniture,Desk,South,Consumer,4,50.12,0.13,174.42,36.93
1204,2025-03-15,Home & Kitchen,Lamp,South,Corporate,2,207.51,0.03,402.57,119.47
1205,2025-03-16,Furniture,Desk,East,Small Business,2,96.23,0.03,186.69,51.93
1206,2025-03-16,Electronics,Laptop,West,Corporate,7,312.28,0.07,2032.94,401.5
1207,2025-03-17,Clothing,Shoes,West,Corporate,6,311.95,0.12,1647.1,447.32
1208,2025-03-17,Furniture,Desk,East,Corporate,7,327.14,0.13,1992.28,502.99
1209,2025-03-17,Clothing,Shoes,South,Consumer,5,247.45,0.15,1051.66,379.82
1210,2025-03-18,Home & Kitchen,Storage Box,East,Corporate,7,36.18,0.04,243.13,108.04
1211,2025-03-18,Home & Kitchen,Coffee Maker,North,Corporate,3,330.41,0.05,941.67,250.8
1212,2025-03-18,Electronics,Keyboard,West,Consumer,1,436.11,0.18,357.61,89.21
1213,2025-03-19,Clothing,Shoes,East,Consumer,4,387.35,0.13,1347.98,408.85
1214,2025-03-19,Clothing,Jeans,West,Corporate,5,206.82,0.15,878.98,253.69
1215,2025-03-19,Furniture,Bookshelf,South,Consumer,3,152.67,0.09,416.79,144.36
1216,2025-03-20,Electronics,Monitor,West,Corporate,2,362.18,0.23,557.76,223.93
1217,2025-03-20,Furniture,Sofa,North,Small Business,5,48.53,0.11,215.96,91.5
1218,2025-03-21,Electronics,Keyboard,West,Corporate,2,61.2,0.16,102.82,37.6
1219,2025-03-21,Office Supplies,File Folder,North,Small Business,5,172.72,0.19,699.52,290.07
1220,2025-03-21,Office Supplies,Printer Paper,West,Corporate,3,229.38,0.08,633.09,208.18
1221,2025-03-22,Electronics,Laptop,West,Corporate,5,135.63,0.15,576.43,149.39
1222,2025-03-22,Clothing,Shoes,North,Consumer,1,308.69,0.09,280.91,85.94
1223,2025-03-22,Clothing,Shoes,South,Corporate,7,436.11,0.05,2900.13,1217.42
1224,2025-03-23,Furniture,Office Chair,East,Corporate,7,127.1,0.01,880.8,244.16
1225,2025-03-23,Home & Kitchen,Storage Box,South,Consumer,3,168.34,0.13,439.37,192.78
1226,2025-03-23,Furniture,Bookshelf,East,Small Business,3,23.43,0.08,64.67,12.11
1227,2025-03-24,Office Supplies,Printer Paper,North,Corporate,7,338.43,0.03,2297.94,1015.48
1228,2025-03-24,Furniture,Table,North,Corporate,7,93.76,0.05,623.5,157.54
1229,2025-03-25,Home & Kitchen,Cookware Set,South,Corporate,1,421.49,0.24,320.33,85.05
1230,2025-03-25,Electronics,Headphones,South,Consumer,7,291.75,0.01,2021.83,401.62
1231,2025-03-25,Electronics,Monitor,South,Corporate,7,334.56,0.1,2107.73,577.87
1232,2025-03-26,Clothing,Jeans,North,Consumer,2,308.4,0.08,567.46,122.61
1233,2025-03-26,Electronics,Smartphone,South,Corporate,5,155.01,0.03,751.8,206.27
1234,2025-03-26,Clothing,Jacket,North,Small Business,6,452.17,0.22,2116.16,771.04
1235,2025-03-27,Electronics,Laptop,North,Small Business,5,172.42,0.09,784.51,269.11
1236,2025-03-27,Clothing,Backpack,South,Corporate,1,304.3,0.14,261.7,86.36
1237,2025-03-27,Office Supplies,Pen Set,North,Corporate,6,326.65,0.19,1587.52,499.88
1238,2025-03-28,Furniture,Table,West,Consumer,5,409.68,0.03,1986.95,814.2
1239,2025-03-28,Clothing,Shoes,West,Small Business,7,206.27,0.14,1241.75,308.38
1240,2025-03-29,Office Supplies,File Folder,West,Small Business,5,109.95,0.0,549.75,151.28
1241,2025-03-29,Electronics,Keyboard,East,Corporate,3,199.34,0.05,568.12,182.15
1242,2025-03-29,Home & Kitchen,Lamp,East,Corporate,5,153.16,0.08,704.54,164.29
1243,2025-03-30,Clothing,Jeans,East,Small Business,2,147.22,0.1,265.0,110.53
1244,2025-03-30,Clothing,Jeans,South,Consumer,7,269.7,0.18,1548.08,651.96
1245,2025-03-30,Furniture,Table,West,Consumer,4,249.52,0.2,798.46,240.69
1246,2025-03-31,Furniture,Bookshelf,North,Corporate,5,306.78,0.2,1227.12,259.25
1247,2025-03-31,Electronics,Headphones,North,Corporate,2,189.97,0.23,292.55,70.83
1248,2025-03-31,Office Supplies,File Folder,South,Consumer,4,148.28,0.21,468.56,157.24
1249,2025-04-01,Furniture,Bookshelf,North,Small Business,4,87.61,0.11,311.89,127.47
1250,2025-04-01,Clothing,Jeans,East,Small Business,1,120.12,0.02,117.72,52.22
1251,2025-04-02,Clothing,Jacket,North,Corporate,2,139.59,0.16,234.51,101.83
1252,2025-04-02,Office Supplies,File Folder,North,Small Business,2,211.09,0.11,375.74,96.28
1253,2025-04-02,Clothing,Jacket,South,Consumer,4,366.3,0.14,1260.07,473.76
1254,2025-04-03,Electronics,Keyboard,East,Consumer,3,209.58,0.09,572.15,204.39
1255,2025-04-03,Electronics,Keyboard,West,Corporate,2,339.76,0.02,665.93,184.57
1256,2025-04-03,Furniture,Bookshelf,South,Small Business,6,126.95,0.11,677.91,270.22
1257,2025-04-04,Clothing,Jeans,West,Corporate,6,285.52,0.18,1404.76,455.7
1258,2025-04-04,Clothing,Jeans,East,Corporate,4,481.41,0.16,1617.54,398.23
1259,2025-04-05,Electronics,Keyboard,South,Consumer,1,160.91,0.25,120.68,38.83
1260,2025-04-05,Clothing,Jacket,North,Corporate,6,496.35,0.23,2293.14,697.6
1261,2025-04-05,Home & Kitchen,Lamp,North,Corporate,6,139.67,0.2,670.42,145.17
1262,2025-04-06,Clothing,Jeans,South,Consumer,5,32.54,0.08,149.68,56.72
1263,2025-04-06,Home & Kitchen,Cookware Set,South,Small Business,3,130.94,0.13,341.75,77.64
1264,2025-04-06,Furniture,Table,South,Consumer,2,265.1,0.23,408.25,128.93
1265,2025-04-07,Clothing,Jeans,East,Corporate,4,466.34,0.03,1809.4,414.87
1266,2025-04-07,Furniture,Bookshelf,South,Small Business,7,162.77,0.02,1116.6,380.98
1267,2025-04-07,Furniture,Bookshelf,South,Consumer,2,479.3,0.14,824.4,163.37
1268,2025-04-08,Home & Kitchen,Coffee Maker,South,Consumer,4,309.09,0.03,1199.27,248.81
1269,2025-04-08,Clothing,Jacket,West,Consumer,3,208.35,0.04,600.05,210.48
1270,2025-04-09,Furniture,Table,West,Consumer,1,127.79,0.02,125.23,30.09
1271,2025-04-09,Clothing,Jeans,South,Corporate,5,66.25,0.16,278.25,108.98
1272,2025-04-09,Clothing,Jacket,South,Corporate,7,44.75,0.2,250.6,81.66
1273,2025-04-10,Office Supplies,Printer Paper,North,Small Business,5,315.46,0.07,1466.89,489.66
1274,2025-04-10,Home & Kitchen,Coffee Maker,West,Consumer,4,162.09,0.03,628.91,165.48
1275,2025-04-10,Clothing,Shoes,North,Corporate,7,126.01,0.06,829.15,323.69
1276,2025-04-11,Furniture,Sofa,East,Corporate,4,211.33,0.16,710.07,251.62
1277,2025-04-11,Home & Kitchen,Storage Box,North,Corporate,6,482.45,0.06,2721.02,1126.16
1278,2025-04-11,Home & Kitchen,Cookware Set,North,Corporate,7,81.5,0.13,496.33,194.51
1279,2025-04-12,Furniture,Sofa,North,Small Business,5,111.45,0.02,546.11,239.46
1280,2025-04-12,Electronics,Keyboard,South,Corporate,3,235.37,0.21,557.83,236.25
1281,2025-04-13,Clothing,Jeans,North,Consumer,4,133.09,0.16,447.18,103.35
1282,2025-04-13,Furniture,Sofa,North,Consumer,2,447.66,0.24,680.44,161.63
1283,2025-04-13,Electronics,Headphones,West,Consumer,4,52.06,0.07,193.66,38.5
1284,2025-04-14,Clothing,Jacket,East,Consumer,7,334.79,0.22,1827.95,508.35
1285,2025-04-14,Clothing,Backpack,West,Consumer,3,66.26,0.25,149.09,49.25
1286,2025-04-14,Electronics,Monitor,North,Consumer,1,49.96,0.02,48.96,21.87
1287,2025-04-15,Furniture,Table,East,Small Business,3,485.81,0.24,1107.65,264.02
1288,2025-04-15,Furniture,Sofa,South,Small Business,5,335.25,0.19,1357.76,513.83
1289,2025-04-15,Clothing,T-Shirt,East,Corporate,7,394.51,0.06,2595.88,484.09
1290,2025-04-16,Office Supplies,Notebook,South,Small Business,4,313.28,0.19,1015.03,280.3
1291,2025-04-16,Furniture,Desk,North,Consumer,5,75.74,0.12,333.26,139.71
1292,2025-04-17,Clothing,Jeans,North,Consumer,3,36.21,0.03,105.37,30.39
1293,2025-04-17,Office Supplies,Stapler,North,Small Business,2,312.28,0.24,474.67,182.75
1294,2025-04-17,Electronics,Smartphone,West,Consumer,3,340.66,0.08,940.22,199.89
1295,2025-04-18,Furniture,Sofa,South,Small Business,5,122.22,0.24,464.44,115.18
1296,2025-04-18,Clothing,Jacket,North,Corporate,6,380.3,0.07,2122.07,645.79
1297,2025-04-18,Furniture,Sofa,East,Small Business,5,367.1,0.2,1468.4,576.13
1298,2025-04-19,Clothing,Backpack,East,Corporate,6,277.99,0.15,1417.75,443.39
1299,2025-04-19,Office Supplies,File Folder,East,Corporate,6,438.56,0.16,2210.34,540.42
1300,2025-04-19,Furniture,Office Chair,West,Corporate,4,367.33,0.25,1101.99,466.39
1301,2025-04-20,Furniture,Bookshelf,East,Corporate,1,284.22,0.18,233.06,66.12
1302,2025-04-20,Electronics,Smartphone,South,Consumer,1,283.8,0.0,283.8,69.4
1303,2025-04-21,Electronics,Headphones,East,Corporate,5,193.45,0.08,889.87,364.67
1304,2025-04-21,Office Supplies,File Folder,West,Corporate,2,193.63,0.11,344.66,87.9
1305,2025-04-21,Office Supplies,Printer Paper,South,Corporate,5,336.58,0.0,1682.9,676.26
1306,2025-04-22,Clothing,Shoes,North,Corporate,1,203.02,0.1,182.72,39.09
1307,2025-04-22,Office Supplies,File Folder,South,Corporate,2,287.32,0.14,494.19,141.86
1308,2025-04-22,Furniture,Bookshelf,East,Corporate,7,26.12,0.08,168.21,46.79
1309,2025-04-23,Home & Kitchen,Lamp,East,Consumer,6,491.26,0.05,2800.18,636.24
1310,2025-04-23,Clothing,T-Shirt,West,Small Business,7,129.39,0.09,824.21,356.98
1311,2025-04-23,Office Supplies,Notebook,West,Small Business,4,160.23,0.04,615.28,170.96
1312,2025-04-24,Office Supplies,Stapler,West,Consumer,3,373.89,0.24,852.47,336.9
1313,2025-04-24,Furniture,Desk,North,Corporate,3,27.71,0.01,82.3,18.55
1314,2025-04-25,Electronics,Monitor,South,Small Business,5,394.55,0.01,1953.02,429.2
1315,2025-04-25,Home & Kitchen,Storage Box,West,Corporate,5,248.24,0.11,1104.67,217.53
1316,2025-04-25,Furniture,Table,North,Corporate,6,368.05,0.12,1943.3,645.27
1317,2025-04-26,Electronics,Keyboard,West,Consumer,4,80.65,0.19,261.31,71.24
1318,2025-04-26,Clothing,Jeans,South,Corporate,6,32.6,0.07,181.91,68.32
1319,2025-04-26,Furniture,Office Chair,East,Corporate,5,145.05,0.04,696.24,152.94
1320,2025-04-27,Furniture,Bookshelf,South,Small Business,1,182.77,0.08,168.15,40.62
1321,2025-04-27,Furniture,Bookshelf,South,Corporate,4,77.07,0.22,240.46,82.66
1322,2025-04-27,Electronics,Smartphone,North,Consumer,2,490.08,0.04,940.95,239.2
1323,2025-04-28,Office Supplies,Pen Set,North,Corporate,1,474.31,0.24,360.48,144.4
1324,2025-04-28,Home & Kitchen,Lamp,North,Consumer,7,136.72,0.21,756.06,225.66
1325,2025-04-29,Home & Kitchen,Cookware Set,North,Corporate,4,365.56,0.02,1433.0,370.98
1326,2025-04-29,Furniture,Office Chair,South,Corporate,2,95.4,0.24,145.01,31.98
1327,2025-04-29,Furniture,Bookshelf,South,Small Business,5,378.4,0.07,1759.56,417.93
1328,2025-04-30,Furniture,Bookshelf,West,Corporate,3,396.34,0.05,1129.57,429.43
1329,2025-04-30,Clothing,Shoes,West,Corporate,6,23.7,0.03,137.93,37.5
1330,2025-04-30,Office Supplies,File Folder,South,Consumer,1,286.69,0.19,232.22,69.51
1331,2025-05-01,Office Supplies,Stapler,East,Consumer,1,204.5,0.2,163.6,57.19
1332,2025-05-01,Office Supplies,Printer Paper,South,Consumer,3,391.17,0.24,891.87,352.27
1333,2025-05-01,Clothing,Backpack,South,Corporate,5,166.49,0.16,699.26,277.69
1334,2025-05-02,Furniture,Table,North,Small Business,4,285.54,0.04,1096.47,311.79
1335,2025-05-02,Office Supplies,Printer Paper,West,Consumer,3,492.01,0.04,1416.99,560.36
1336,2025-05-03,Clothing,Jacket,West,Consumer,5,228.56,0.15,971.38,415.23
1337,2025-05-03,Clothing,Jacket,North,Consumer,6,170.04,0.25,765.18,244.06
1338,2025-05-03,Home & Kitchen,Cookware Set,West,Small Business,4,498.58,0.24,1515.68,413.54
1339,2025-05-04,Home & Kitchen,Coffee Maker,South,Corporate,3,270.79,0.18,666.14,139.64
1340,2025-05-04,Home & Kitchen,Blender,South,Small Business,5,178.37,0.07,829.42,167.61
1341,2025-05-04,Clothing,Shoes,North,Corporate,1,243.52,0.21,192.38,62.72
1342,2025-05-05,Office Supplies,Stapler,South,Corporate,4,269.84,0.06,1014.6,425.63
1343,2025-05-05,Electronics,Smartphone,South,Small Business,3,83.86,0.09,228.94,75.19
1344,2025-05-05,Electronics,Laptop,North,Consumer,5,406.01,0.21,1603.74,611.71
1345,2025-05-06,Furniture,Desk,North,Consumer,3,347.87,0.02,1022.74,411.94
1346,2025-05-06,Office Supplies,Stapler,East,Consumer,2,263.64,0.08,485.1,190.44
1347,2025-05-07,Home & Kitchen,Storage Box,North,Small Business,6,383.24,0.23,1770.57,685.48
1348,2025-05-07,Clothing,Backpack,East,Small Business,7,141.24,0.23,761.28,204.71
1349,2025-05-07,Office Supplies,Printer Paper,East,Small Business,6,238.27,0.22,1115.1,337.21
1350,2025-05-08,Office Supplies,Stapler,East,Corporate,1,35.38,0.18,29.01,5.86
1351,2025-05-08,Electronics,Monitor,West,Consumer,6,456.72,0.19,2219.66,516.46
1352,2025-05-08,Electronics,Monitor,South,Corporate,4,417.26,0.07,1552.21,332.73
1353,2025-05-09,Home & Kitchen,Storage Box,West,Consumer,4,61.82,0.06,232.44,103.82
1354,2025-05-09,Office Supplies,File Folder,East,Corporate,3,124.78,0.18,306.96,88.5
1355,2025-05-09,Electronics,Smartphone,West,Consumer,6,180.1,0.25,810.45,227.68
1356,2025-05-10,Electronics,Keyboard,North,Consumer,3,144.87,0.2,347.69,102.64
1357,2025-05-10,Clothing,Backpack,North,Small Business,3,251.86,0.18,619.58,190.95
1358,2025-05-11,Electronics,Headphones,South,Corporate,1,27.19,0.17,22.57,9.66
1359,2025-05-11,Electronics,Monitor,South,Consumer,2,94.94,0.04,182.28,35.36
1360,2025-05-11,Home & Kitchen,Blender,West,Consumer,4,343.07,0.03,1331.11,514.83
1361,2025-05-12,Office Supplies,Stapler,West,Small Business,2,146.71,0.12,258.21,47.6
1362,2025-05-12,Electronics,Headphones,East,Corporate,1,34.29,0.15,29.15,5.98
1363,2025-05-12,Electronics,Laptop,West,Consumer,5,244.39,0.16,1026.44,331.71
1364,2025-05-13,Clothing,T-Shirt,West,Small Business,5,275.45,0.21,1088.03,475.07
1365,2025-05-13,Clothing,Shoes,South,Corporate,1,179.35,0.2,143.48,42.41
1366,2025-05-13,Office Supplies,Notebook,North,Small Business,1,411.09,0.07,382.31,87.58
1367,2025-05-14,Office Supplies,Notebook,North,Small Business,7,254.37,0.18,1460.08,265.65
1368,2025-05-14,Home & Kitchen,Coffee Maker,North,Consumer,4,368.98,0.22,1151.22,309.5
1369,2025-05-15,Electronics,Smartphone,East,Corporate,2,478.2,0.21,755.56,339.68
1370,2025-05-15,Home & Kitchen,Coffee Maker,North,Small Business,7,437.72,0.06,2880.2,778.72
1371,2025-05-15,Clothing,Jeans,North,Corporate,5,73.7,0.1,331.65,81.98
1372,2025-05-16,Office Supplies,Notebook,East,Small Business,7,215.15,0.16,1265.08,348.48
1373,2025-05-16,Home & Kitchen,Cookware Set,West,Small Business,6,323.51,0.23,1494.62,425.38
1374,2025-05-16,Clothing,Jacket,West,Corporate,5,452.69,0.02,2218.18,678.38
1375,2025-05-17,Electronics,Laptop,East,Corporate,6,273.26,0.11,1459.21,623.4
1376,2025-05-17,Home & Kitchen,Storage Box,North,Corporate,6,285.94,0.09,1561.23,395.18
1377,2025-05-18,Clothing,Backpack,North,Consumer,6,428.14,0.1,2311.96,991.93
1378,2025-05-18,Furniture,Table,East,Consumer,4,402.21,0.21,1270.98,277.66
1379,2025-05-18,Office Supplies,Printer Paper,East,Corporate,3,306.52,0.18,754.04,199.17
1380,2025-05-19,Clothing,Backpack,West,Small Business,7,84.16,0.22,459.51,163.87
1381,2025-05-19,Home & Kitchen,Cookware Set,East,Corporate,4,198.77,0.0,795.08,274.95
1382,2025-05-19,Office Supplies,Notebook,West,Corporate,1,343.4,0.15,291.89,102.62
1383,2025-05-20,Electronics,Keyboard,East,Small Business,1,83.17,0.12,73.19,32.39
1384,2025-05-20,Office Supplies,File Folder,East,Corporate,4,63.16,0.05,240.01,48.02
1385,2025-05-20,Office Supplies,Printer Paper,North,Corporate,6,381.76,0.11,2038.6,758.16
1386,2025-05-21,Home & Kitchen,Storage Box,South,Consumer,2,196.78,0.12,346.33,114.32
1387,2025-05-21,Electronics,Smartphone,West,Corporate,5,309.34,0.04,1484.83,655.77
1388,2025-05-22,Clothing,Backpack,North,Small Business,5,246.77,0.13,1073.45,434.26
1389,2025-05-22,Office Supplies,Pen Set,North,Corporate,2,416.01,0.18,682.26,274.38
1390,2025-05-22,Clothing,Backpack,East,Consumer,4,417.88,0.14,1437.51,582.74
1391,2025-05-23,Office Supplies,File Folder,East,Corporate,7,411.13,0.05,2734.01,652.76
1392,2025-05-23,Electronics,Headphones,North,Consumer,3,112.64,0.1,304.13,133.62
1393,2025-05-23,Clothing,Jacket,North,Small Business,7,482.55,0.23,2600.94,663.3
1394,2025-05-24,Clothing,Backpack,West,Consumer,6,398.4,0.03,2318.69,546.2
1395,2025-05-24,Furniture,Table,West,Corporate,6,87.17,0.12,460.26,85.21
1396,2025-05-24,Furniture,Table,East,Small Business,6,268.39,0.14,1384.89,458.22
1397,2025-05-25,Electronics,Monitor,West,Small Business,2,366.97,0.22,572.47,187.13
1398,2025-05-25,Clothing,Backpack,North,Consumer,3,112.23,0.03,326.59,71.66
1399,2025-05-26,Electronics,Laptop,East,Corporate,3,166.27,0.06,468.88,207.1
1400,2025-05-26,Home & Kitchen,Cookware Set,South,Corporate,6,348.55,0.18,1714.87,451.04
1401,2025-05-26,Home & Kitchen,Lamp,South,Small Business,2,176.7,0.18,289.79,89.05
1402,2025-05-27,Office Supplies,Pen Set,East,Small Business,2,343.26,0.21,542.35,200.92
1403,2025-05-27,Electronics,Keyboard,West,Consumer,1,321.96,0.02,315.52,141.5
1404,2025-05-27,Clothing,T-Shirt,East,Consumer,7,443.95,0.18,2548.27,1074.89
1405,2025-05-28,Furniture,Table,South,Consumer,6,26.88,0.08,148.38,44.77
1406,2025-05-28,Home & Kitchen,Cookware Set,West,Consumer,5,478.23,0.13,2080.3,767.87
1407,2025-05-28,Furniture,Desk,North,Small Business,4,357.94,0.01,1417.44,609.95
1408,2025-05-29,Clothing,Jeans,East,Small Business,7,209.63,0.07,1364.69,557.98
1409,2025-05-29,Home & Kitchen,Storage Box,North,Small Business,7,124.62,0.16,732.77,136.06
1410,2025-05-30,Home & Kitchen,Blender,West,Corporate,1,383.41,0.05,364.24,93.12
1411,2025-05-30,Furniture,Desk,South,Corporate,4,318.02,0.02,1246.64,331.22
1412,2025-05-30,Clothing,Shoes,North,Small Business,5,404.92,0.14,1741.16,538.98
1413,2025-05-31,Furniture,Table,East,Small Business,7,91.93,0.22,501.94,114.23
1414,2025-05-31,Electronics,Keyboard,South,Corporate,1,169.03,0.0,169.03,52.74
1415,2025-05-31,Electronics,Headphones,West,Small Business,1,180.08,0.24,136.86,58.53
1416,2025-06-01,Electronics,Laptop,West,Corporate,3,146.14,0.21,346.35,126.55
1417,2025-06-01,Office Supplies,File Folder,North,Consumer,3,456.32,0.09,1245.75,236.32
1418,2025-06-01,Furniture,Desk,South,Small Business,5,203.01,0.16,852.64,221.65
1419,2025-06-02,Home & Kitchen,Storage Box,North,Small Business,3,338.2,0.24,771.1,188.55
1420,2025-06-02,Electronics,Laptop,North,Consumer,5,245.57,0.16,1031.39,185.8
1421,2025-06-03,Clothing,T-Shirt,West,Consumer,3,236.98,0.05,675.39,236.69
1422,2025-06-03,Clothing,T-Shirt,West,Consumer,5,217.0,0.21,857.15,188.92
1423,2025-06-03,Electronics,Monitor,North,Consumer,6,441.88,0.05,2518.72,672.47
1424,2025-06-04,Furniture,Office Chair,West,Consumer,7,75.98,0.18,436.13,81.5
1425,2025-06-04,Clothing,T-Shirt,North,Corporate,4,56.39,0.01,223.3,60.28
1426,2025-06-04,Furniture,Sofa,South,Corporate,4,63.44,0.17,210.62,81.02
1427,2025-06-05,Electronics,Keyboard,North,Corporate,6,215.62,0.12,1138.47,388.04
1428,2025-06-05,Clothing,Backpack,North,Small Business,3,440.66,0.01,1308.76,448.43
1429,2025-06-05,Clothing,T-Shirt,East,Small Business,4,488.37,0.03,1894.88,844.03
1430,2025-06-06,Electronics,Headphones,North,Small Business,5,143.81,0.0,719.05,266.63
1431,2025-06-06,Furniture,Table,West,Consumer,1,195.29,0.0,195.29,72.07
1432,2025-06-07,Clothing,Jacket,West,Consumer,1,280.28,0.21,221.42,63.4
1433,2025-06-07,Office Supplies,Stapler,North,Small Business,3,359.42,0.23,830.26,238.38
1434,2025-06-07,Clothing,Shoes,West,Corporate,2,297.37,0.25,446.06,171.92
1435,2025-06-08,Office Supplies,Stapler,South,Consumer,6,192.36,0.06,1084.91,430.84
1436,2025-06-08,Furniture,Office Chair,West,Small Business,2,167.85,0.07,312.2,57.74
1437,2025-06-08,Clothing,Jacket,South,Consumer,3,407.78,0.24,929.74,333.7
1438,2025-06-09,Electronics,Headphones,East,Corporate,2,86.44,0.0,172.88,48.35
1439,2025-06-09,Electronics,Headphones,North,Corporate,6,271.88,0.06,1533.4,482.77
1440,2025-06-09,Home & Kitchen,Cookware Set,South,Corporate,6,280.09,0.11,1495.68,655.33
1441,2025-06-10,Home & Kitchen,Lamp,North,Corporate,5,39.24,0.21,155.0,28.69
1442,2025-06-10,Office Supplies,Stapler,West,Small Business,4,480.9,0.05,1827.42,352.9
1443,2025-06-11,Furniture,Office Chair,East,Corporate,4,140.88,0.11,501.53,145.31
1444,2025-06-11,Furniture,Desk,South,Consumer,6,107.2,0.2,514.56,105.42
1445,2025-06-11,Office Supplies,Pen Set,South,Corporate,5,477.15,0.24,1813.17,623.63
1446,2025-06-12,Clothing,T-Shirt,South,Consumer,3,338.3,0.04,974.3,289.78
1447,2025-06-12,Clothing,T-Shirt,South,Small Business,5,19.38,0.09,88.18,17.63
1448,2025-06-12,Office Supplies,File Folder,East,Corporate,2,171.01,0.21,270.2,68.42
1449,2025-06-13,Home & Kitchen,Blender,West,Consumer,1,210.34,0.22,164.07,73.81
1450,2025-06-13,Office Supplies,Printer Paper,East,Consumer,3,254.92,0.13,665.34,212.9
1451,2025-06-13,Office Supplies,Pen Set,North,Consumer,1,230.52,0.07,214.38,60.47
1452,2025-06-14,Clothing,Backpack,South,Consumer,3,216.57,0.21,513.27,105.94
1453,2025-06-14,Clothing,Shoes,South,Consumer,7,260.39,0.06,1713.37,753.01
1454,2025-06-15,Electronics,Headphones,West,Small Business,5,124.07,0.11,552.11,141.24
1455,2025-06-15,Home & Kitchen,Blender,East,Small Business,4,383.01,0.07,1424.8,505.34
1456,2025-06-15,Furniture,Sofa,South,Consumer,5,385.11,0.21,1521.18,319.45
1457,2025-06-16,Home & Kitchen,Coffee Maker,East,Corporate,3,302.99,0.01,899.88,250.41
1458,2025-06-16,Office Supplies,File Folder,North,Corporate,1,213.56,0.2,170.85,38.33
1459,2025-06-16,Home & Kitchen,Cookware Set,West,Small Business,4,88.52,0.22,276.18,84.08
1460,2025-06-17,Home & Kitchen,Storage Box,North,Corporate,7,77.02,0.19,436.7,196.51
1461,2025-06-17,Home & Kitchen,Coffee Maker,West,Small Business,2,112.27,0.05,213.31,95.41
1462,2025-06-17,Office Supplies,Stapler,North,Consumer,4,165.39,0.18,542.48,150.28
1463,2025-06-18,Home & Kitchen,Cookware Set,East,Corporate,2,449.58,0.2,719.33,274.6
1464,2025-06-18,Electronics,Monitor,North,Corporate,7,406.25,0.25,2132.81,525.42
1465,2025-06-19,Home & Kitchen,Coffee Maker,South,Small Business,3,216.02,0.19,524.93,233.29
1466,2025-06-19,Electronics,Laptop,West,Small Business,3,319.79,0.12,844.25,297.46
1467,2025-06-19,Electronics,Monitor,East,Consumer,5,286.64,0.2,1146.56,296.62
1468,2025-06-20,Electronics,Headphones,East,Corporate,7,361.45,0.12,2226.53,448.27
1469,2025-06-20,Home & Kitchen,Coffee Maker,South,Corporate,1,29.97,0.01,29.67,12.21
1470,2025-06-20,Clothing,Shoes,East,Consumer,5,430.42,0.18,1764.72,447.7
1471,2025-06-21,Electronics,Laptop,West,Corporate,3,249.01,0.13,649.92,224.51
1472,2025-06-21,Electronics,Monitor,South,Corporate,3,421.91,0.0,1265.73,329.09
1473,2025-06-21,Home & Kitchen,Lamp,West,Small Business,3,258.03,0.18,634.75,194.07
1474,2025-06-22,Home & Kitchen,Coffee Maker,West,Corporate,5,363.45,0.22,1417.46,569.25
1475,2025-06-22,Office Supplies,Pen Set,East,Small Business,4,124.96,0.22,389.88,90.31
1476,2025-06-23,Furniture,Bookshelf,East,Corporate,1,401.39,0.06,377.31,106.13
1477,2025-06-23,Office Supplies,Pen Set,West,Corporate,2,135.04,0.04,259.28,103.59
1478,2025-06-23,Home & Kitchen,Blender,North,Corporate,5,186.18,0.16,781.96,281.35
1479,2025-06-24,Home & Kitchen,Blender,North,Small Business,1,153.59,0.11,136.7,36.22
1480,2025-06-24,Furniture,Table,South,Small Business,1,326.24,0.17,270.78,75.62
1481,2025-06-24,Office Supplies,File Folder,North,Corporate,4,149.76,0.07,557.11,185.72
1482,2025-06-25,Home & Kitchen,Cookware Set,North,Consumer,1,65.01,0.14,55.91,10.38
1483,2025-06-25,Furniture,Desk,East,Small Business,4,220.02,0.09,800.87,274.41
1484,2025-06-25,Furniture,Desk,South,Corporate,1,373.98,0.16,314.14,94.75
1485,2025-06-26,Furniture,Bookshelf,East,Consumer,7,52.34,0.02,359.05,69.34
1486,2025-06-26,Clothing,Shoes,South,Corporate,3,317.47,0.16,800.02,302.25
1487,2025-06-27,Office Supplies,Pen Set,East,Small Business,2,233.58,0.17,387.74,113.39
1488,2025-06-27,Clothing,Jeans,North,Small Business,5,99.43,0.03,482.24,158.54
1489,2025-06-27,Office Supplies,Pen Set,North,Consumer,5,113.28,0.15,481.44,125.51
1490,2025-06-28,Clothing,T-Shirt,East,Consumer,1,202.02,0.23,155.56,47.24
1491,2025-06-28,Furniture,Table,West,Corporate,1,422.3,0.05,401.19,107.69
1492,2025-06-28,Electronics,Headphones,North,Small Business,2,375.27,0.08,690.5,144.79
1493,2025-06-29,Electronics,Keyboard,South,Small Business,7,140.48,0.11,875.19,222.88
1494,2025-06-29,Clothing,T-Shirt,West,Small Business,3,324.28,0.06,914.47,235.21
1495,2025-06-29,Electronics,Smartphone,North,Consumer,7,39.26,0.23,211.61,93.54
1496,2025-06-30,Home & Kitchen,Blender,South,Consumer,2,45.33,0.11,80.69,20.35
1497,2025-06-30,Office Supplies,Printer Paper,East,Small Business,6,476.47,0.21,2258.47,525.38
1498,2025-07-01,Home & Kitchen,Blender,West,Small Business,2,264.1,0.06,496.51,91.03
1499,2025-07-01,Furniture,Office Chair,West,Consumer,1,115.02,0.2,92.02,33.12
1500,2025-07-01,Home & Kitchen,Coffee Maker,East,Small Business,2,396.88,0.11,706.45,197.69
1501,2025-07-02,Clothing,Jeans,South,Corporate,4,274.49,0.04,1054.04,251.2
1502,2025-07-02,Office Supplies,Printer Paper,East,Corporate,1,112.53,0.15,95.65,32.52
1503,2025-07-02,Clothing,Shoes,North,Consumer,7,151.3,0.18,868.46,388.11
1504,2025-07-03,Home & Kitchen,Storage Box,East,Consumer,5,396.46,0.24,1506.55,374.18
1505,2025-07-03,Clothing,Jacket,East,Corporate,3,405.83,0.0,1217.49,243.95
1506,2025-07-04,Electronics,Smartphone,East,Corporate,5,186.59,0.21,737.03,174.6
1507,2025-07-04,Home & Kitchen,Lamp,North,Consumer,6,186.9,0.13,975.62,191.12
1508,2025-07-04,Home & Kitchen,Storage Box,North,Corporate,1,52.66,0.21,41.6,14.8
1509,2025-07-05,Home & Kitchen,Cookware Set,North,Small Business,7,421.39,0.21,2330.29,577.78
1510,2025-07-05,Electronics,Smartphone,East,Small Business,7,341.72,0.04,2296.36,603.1
1511,2025-07-05,Home & Kitchen,Coffee Maker,South,Corporate,7,15.97,0.18,91.67,23.12
1512,2025-07-06,Electronics,Laptop,South,Small Business,6,95.39,0.22,446.43,171.78
1513,2025-07-06,Clothing,Jacket,East,Small Business,4,72.43,0.05,275.23,100.74
1514,2025-07-06,Office Supplies,Stapler,East,Small Business,3,285.09,0.1,769.74,257.24
1515,2025-07-07,Furniture,Desk,North,Corporate,1,113.78,0.08,104.68,31.65
1516,2025-07-07,Home & Kitchen,Storage Box,West,Corporate,1,255.42,0.23,196.67,65.19
1517,2025-07-08,Electronics,Smartphone,East,Consumer,5,385.93,0.17,1601.61,386.46
1518,2025-07-08,Electronics,Laptop,East,Consumer,6,399.49,0.02,2349.0,756.26
1519,2025-07-08,Home & Kitchen,Blender,West,Consumer,2,137.84,0.0,275.68,70.21
1520,2025-07-09,Home & Kitchen,Coffee Maker,North,Small Business,6,424.01,0.12,2238.77,805.78
1521,2025-07-09,Home & Kitchen,Blender,North,Corporate,3,429.66,0.22,1005.4,325.85
1522,2025-07-09,Electronics,Headphones,South,Small Business,3,151.23,0.05,431.01,189.07
1523,2025-07-10,Electronics,Keyboard,South,Consumer,7,47.28,0.16,278.01,119.54
1524,2025-07-10,Home & Kitchen,Lamp,South,Corporate,5,286.14,0.08,1316.24,514.08
1525,2025-07-10,Office Supplies,Stapler,West,Small Business,3,194.2,0.01,576.77,205.05
1526,2025-07-11,Office Supplies,Printer Paper,South,Consumer,6,423.53,0.09,2312.47,646.02
1527,2025-07-11,Electronics,Keyboard,East,Corporate,1,298.1,0.2,238.48,58.91
1528,2025-07-12,Clothing,T-Shirt,East,Consumer,3,340.51,0.16,858.09,214.17
1529,2025-07-12,Clothing,Backpack,West,Corporate,2,455.49,0.19,737.89,213.08
1530,2025-07-12,Clothing,Jeans,North,Consumer,5,277.7,0.19,1124.69,412.91
1531,2025-07-13,Office Supplies,Pen Set,West,Corporate,1,132.13,0.05,125.52,42.09
1532,2025-07-13,Clothing,Jacket,East,Corporate,7,285.59,0.15,1699.26,703.35
1533,2025-07-13,Furniture,Office Chair,South,Consumer,6,350.79,0.07,1957.41,384.54
1534,2025-07-14,Electronics,Smartphone,East,Corporate,4,239.61,0.07,891.35,243.54
1535,2025-07-14,Furniture,Sofa,West,Corporate,7,413.5,0.12,2547.16,469.97
1536,2025-07-14,Home & Kitchen,Lamp,South,Corporate,4,88.04,0.05,334.55,108.64
1537,2025-07-15,Home & Kitchen,Storage Box,West,Corporate,3,414.8,0.16,1045.3,228.2
1538,2025-07-15,Electronics,Monitor,South,Small Business,7,451.97,0.25,2372.84,538.96
1539,2025-07-16,Electronics,Smartphone,East,Small Business,6,61.04,0.25,274.68,99.38
1540,2025-07-16,Home & Kitchen,Cookware Set,North,Consumer,3,498.85,0.06,1406.76,617.72
1541,2025-07-16,Electronics,Monitor,South,Small Business,4,447.48,0.21,1414.04,481.31
1542,2025-07-17,Clothing,Backpack,North,Small Business,3,22.64,0.0,67.92,13.75
1543,2025-07-17,Office Supplies,Printer Paper,East,Consumer,3,470.13,0.1,1269.35,433.32
1544,2025-07-17,Clothing,Backpack,East,Consumer,5,382.01,0.11,1699.94,440.29
1545,2025-07-18,Clothing,Jacket,North,Small Business,7,465.17,0.23,2507.27,896.81
1546,2025-07-18,Office Supplies,File Folder,South,Corporate,3,229.88,0.12,606.88,132.01
1547,2025-07-18,Electronics,Monitor,West,Small Business,3,418.92,0.09,1143.65,247.96
1548,2025-07-19,Office Supplies,File Folder,North,Corporate,4,257.67,0.17,855.46,223.94
1549,2025-07-19,Furniture,Bookshelf,West,Corporate,1,323.43,0.15,274.92,110.4
1550,2025-07-20,Furniture,Office Chair,North,Small Business,5,475.14,0.02,2328.19,616.84
1551,2025-07-20,Office Supplies,Pen Set,East,Corporate,7,421.51,0.2,2360.46,449.79
1552,2025-07-20,Home & Kitchen,Storage Box,South,Small Business,2,292.71,0.07,544.44,109.57
1553,2025-07-21,Clothing,Jacket,North,Small Business,6,355.78,0.02,2091.99,811.03
1554,2025-07-21,Office Supplies,File Folder,West,Small Business,3,444.76,0.05,1267.57,318.03
1555,2025-07-21,Electronics,Monitor,East,Consumer,3,29.56,0.22,69.17,19.5
1556,2025-07-22,Home & Kitchen,Lamp,West,Corporate,4,47.5,0.24,144.4,33.13
1557,2025-07-22,Home & Kitchen,Blender,South,Small Business,6,202.01,0.02,1187.82,466.92
1558,2025-07-22,Clothing,Jeans,West,Small Business,6,472.06,0.02,2775.71,920.47
1559,2025-07-23,Home & Kitchen,Coffee Maker,West,Consumer,4,150.01,0.2,480.03,173.73
1560,2025-07-23,Clothing,Jeans,West,Consumer,7,192.31,0.09,1225.01,451.21
1561,2025-07-24,Furniture,Table,West,Small Business,7,391.75,0.02,2687.4,493.36
1562,2025-07-24,Furniture,Bookshelf,South,Corporate,4,314.35,0.04,1207.1,387.24
1563,2025-07-24,Office Supplies,Stapler,East,Corporate,4,251.6,0.02,986.27,321.44
1564,2025-07-25,Electronics,Headphones,West,Corporate,5,218.02,0.11,970.19,246.67
1565,2025-07-25,Office Supplies,Stapler,East,Consumer,1,433.17,0.08,398.52,121.44
1566,2025-07-25,Electronics,Laptop,North,Small Business,4,22.67,0.13,78.89,25.47
1567,2025-07-26,Clothing,Shoes,South,Small Business,6,421.54,0.09,2301.61,501.42
1568,2025-07-26,Clothing,Jacket,North,Consumer,1,264.22,0.23,203.45,42.67
1569,2025-07-26,Office Supplies,File Folder,West,Small Business,1,263.76,0.22,205.73,70.21
1570,2025-07-27,Electronics,Smartphone,South,Small Business,3,83.49,0.14,215.4,86.16
1571,2025-07-27,Clothing,Jacket,South,Small Business,5,212.18,0.23,816.89,234.41
1572,2025-07-28,Electronics,Monitor,East,Consumer,2,193.18,0.02,378.63,113.46
1573,2025-07-28,Home & Kitchen,Lamp,West,Small Business,1,27.24,0.06,25.61,7.93
1574,2025-07-28,Clothing,Backpack,North,Consumer,5,437.27,0.2,1749.08,490.83
1575,2025-07-29,Clothing,T-Shirt,South,Small Business,1,185.34,0.02,181.63,57.89
1576,2025-07-29,Home & Kitchen,Blender,West,Consumer,2,396.12,0.15,673.4,301.86
1577,2025-07-29,Home & Kitchen,Cookware Set,West,Corporate,6,223.54,0.15,1140.05,205.35
1578,2025-07-30,Home & Kitchen,Cookware Set,North,Small Business,5,342.08,0.19,1385.42,606.44
1579,2025-07-30,Clothing,T-Shirt,West,Corporate,4,262.28,0.13,912.73,398.35
1580,2025-07-30,Electronics,Laptop,East,Corporate,4,465.27,0.25,1395.81,328.12
1581,2025-07-31,Electronics,Keyboard,East,Corporate,1,390.09,0.23,300.37,119.83
1582,2025-07-31,Clothing,T-Shirt,East,Small Business,3,403.7,0.1,1089.99,269.55
1583,2025-08-01,Electronics,Laptop,South,Corporate,2,343.54,0.14,590.89,117.66
1584,2025-08-01,Furniture,Sofa,East,Small Business,5,416.03,0.13,1809.73,435.57
1585,2025-08-01,Office Supplies,Notebook,West,Small Business,5,481.32,0.17,1997.48,395.57
1586,2025-08-02,Electronics,Monitor,West,Corporate,6,158.39,0.15,807.79,232.72
1587,2025-08-02,Furniture,Office Chair,North,Consumer,3,179.79,0.11,480.04,128.13
1588,2025-08-02,Clothing,Shoes,West,Small Business,6,400.32,0.07,2233.79,919.41
1589,2025-08-03,Clothing,T-Shirt,West,Corporate,2,181.54,0.21,286.83,56.63
1590,2025-08-03,Clothing,Shoes,West,Small Business,3,59.79,0.04,172.2,49.82
1591,2025-08-03,Home & Kitchen,Coffee Maker,South,Consumer,7,258.24,0.06,1699.22,548.58
1592,2025-08-04,Furniture,Table,East,Consumer,2,100.94,0.07,187.75,78.67
1593,2025-08-04,Office Supplies,Stapler,East,Corporate,1,336.81,0.1,303.13,103.47
1594,2025-08-05,Clothing,Shoes,South,Consumer,7,158.11,0.07,1029.3,433.43
1595,2025-08-05,Furniture,Bookshelf,North,Corporate,2,307.84,0.22,480.23,109.46
1596,2025-08-05,Home & Kitchen,Coffee Maker,West,Small Business,4,154.65,0.12,544.37,200.88
1597,2025-08-06,Electronics,Smartphone,West,Small Business,1,204.21,0.09,185.83,81.35
1598,2025-08-06,Clothing,Jacket,West,Small Business,2,66.34,0.22,103.49,31.95
1599,2025-08-06,Furniture,Desk,West,Consumer,1,472.19,0.02,462.75,176.51
1600,2025-08-07,Furniture,Sofa,North,Consumer,5,240.03,0.03,1164.15,215.65
1601,2025-08-07,Electronics,Monitor,West,Small Business,2,373.35,0.01,739.23,201.18
1602,2025-08-07,Furniture,Sofa,West,Corporate,3,377.86,0.14,974.88,373.88
1603,2025-08-08,Electronics,Headphones,North,Consumer,5,131.43,0.04,630.86,264.18
1604,2025-08-08,Home & Kitchen,Coffee Maker,East,Consumer,1,81.87,0.17,67.95,14.11
1605,2025-08-09,Office Supplies,File Folder,North,Corporate,6,405.77,0.08,2239.85,881.5
1606,2025-08-09,Electronics,Smartphone,East,Corporate,6,289.36,0.05,1649.35,680.04
1607,2025-08-09,Home & Kitchen,Blender,South,Consumer,5,237.68,0.08,1093.33,216.71
1608,2025-08-10,Furniture,Office Chair,West,Corporate,7,272.81,0.01,1890.57,607.99
1609,2025-08-10,Office Supplies,Printer Paper,East,Small Business,2,176.07,0.23,271.15,60.16
1610,2025-08-10,Office Supplies,Pen Set,West,Small Business,7,335.96,0.02,2304.69,816.41
1611,2025-08-11,Furniture,Table,East,Consumer,5,227.52,0.22,887.33,168.76
1612,2025-08-11,Furniture,Sofa,West,Corporate,7,206.7,0.05,1374.55,560.35
1613,2025-08-11,Clothing,Backpack,South,Small Business,2,96.58,0.22,150.66,45.14
1614,2025-08-12,Office Supplies,Notebook,East,Small Business,7,121.92,0.22,665.68,131.63
1615,2025-08-12,Furniture,Sofa,South,Consumer,1,153.56,0.02,150.49,54.93
1616,2025-08-13,Home & Kitchen,Storage Box,North,Corporate,7,369.78,0.21,2044.88,839.35
1617,2025-08-13,Furniture,Sofa,South,Corporate,6,67.19,0.19,326.54,102.82
1618,2025-08-13,Furniture,Office Chair,East,Small Business,5,452.27,0.05,2148.28,453.77
1619,2025-08-14,Furniture,Bookshelf,North,Small Business,3,489.5,0.24,1116.06,383.15
1620,2025-08-14,Home & Kitchen,Blender,North,Small Business,6,79.22,0.1,427.79,120.97
1621,2025-08-14,Furniture,Bookshelf,North,Small Business,1,307.71,0.16,258.48,68.3
1622,2025-08-15,Electronics,Laptop,West,Small Business,7,46.86,0.22,255.86,86.13
1623,2025-08-15,Electronics,Keyboard,South,Corporate,2,97.9,0.1,176.22,43.27
1624,2025-08-15,Electronics,Headphones,West,Corporate,6,63.62,0.0,381.72,103.57
1625,2025-08-16,Furniture,Bookshelf,East,Consumer,3,26.5,0.21,62.8,11.73
1626,2025-08-16,Furniture,Table,North,Small Business,1,218.52,0.01,216.33,95.05
1627,2025-08-17,Furniture,Bookshelf,East,Small Business,5,369.61,0.24,1404.52,335.63
1628,2025-08-17,Furniture,Table,East,Small Business,4,207.88,0.24,631.96,191.53
1629,2025-08-17,Office Supplies,Stapler,North,Consumer,4,214.09,0.04,822.11,320.72
1630,2025-08-18,Home & Kitchen,Cookware Set,South,Small Business,4,233.28,0.08,858.47,184.5
1631,2025-08-18,Furniture,Sofa,West,Small Business,4,253.88,0.11,903.81,325.11
1632,2025-08-18,Clothing,Jacket,West,Consumer,5,292.42,0.2,1169.68,286.29
1633,2025-08-19,Clothing,T-Shirt,South,Consumer,6,183.08,0.1,988.63,411.37
1634,2025-08-19,Clothing,Backpack,North,Corporate,3,353.12,0.05,1006.39,278.56
1635,2025-08-20,Clothing,Shoes,South,Small Business,7,159.18,0.06,1047.4,355.01
1636,2025-08-20,Electronics,Keyboard,East,Corporate,1,279.61,0.03,271.22,118.73
1637,2025-08-20,Office Supplies,File Folder,South,Consumer,6,340.57,0.07,1900.38,813.49
1638,2025-08-21,Furniture,Table,North,Consumer,3,96.99,0.09,264.78,64.7
1639,2025-08-21,Office Supplies,File Folder,West,Consumer,2,225.67,0.11,401.69,113.65
1640,2025-08-21,Home & Kitchen,Blender,East,Corporate,1,77.65,0.02,76.1,21.85
1641,2025-08-22,Clothing,T-Shirt,North,Corporate,1,253.73,0.05,241.04,66.03
1642,2025-08-22,Furniture,Desk,East,Small Business,4,64.88,0.03,251.73,46.73
1643,2025-08-22,Home & Kitchen,Blender,North,Corporate,4,88.61,0.22,276.46,53.95
1644,2025-08-23,Clothing,Shoes,South,Consumer,6,84.55,0.0,507.3,164.72
1645,2025-08-23,Home & Kitchen,Coffee Maker,South,Consumer,6,121.08,0.01,719.22,298.22
1646,2025-08-24,Clothing,Jeans,North,Corporate,3,70.02,0.25,157.55,63.09
1647,2025-08-24,Clothing,T-Shirt,West,Small Business,4,28.5,0.16,95.76,22.23
1648,2025-08-24,Clothing,Jeans,South,Small Business,1,341.33,0.18,279.89,88.72
1649,2025-08-25,Electronics,Headphones,East,Consumer,5,405.9,0.15,1725.08,699.01
1650,2025-08-25,Furniture,Sofa,South,Corporate,2,76.83,0.2,122.93,26.67
1651,2025-08-25,Clothing,Backpack,West,Consumer,4,367.52,0.2,1176.06,213.46
1652,2025-08-26,Electronics,Smartphone,North,Small Business,4,313.03,0.15,1064.3,406.05
1653,2025-08-26,Office Supplies,File Folder,South,Corporate,4,173.02,0.03,671.32,221.91
1654,2025-08-26,Clothing,T-Shirt,East,Consumer,5,421.07,0.03,2042.19,849.36
1655,2025-08-27,Electronics,Keyboard,West,Small Business,2,169.36,0.22,264.2,72.89
1656,2025-08-27,Office Supplies,Notebook,South,Corporate,5,360.39,0.09,1639.77,625.23
1657,2025-08-28,Home & Kitchen,Blender,North,Small Business,4,289.39,0.13,1007.08,430.06
1658,2025-08-28,Furniture,Sofa,West,Small Business,5,203.53,0.06,956.59,405.94
1659,2025-08-28,Office Supplies,Pen Set,East,Consumer,5,57.51,0.02,281.8,58.99
1660,2025-08-29,Furniture,Sofa,West,Consumer,7,169.38,0.12,1043.38,227.37
1661,2025-08-29,Office Supplies,Notebook,West,Consumer,3,373.18,0.17,929.22,388.15
1662,2025-08-29,Clothing,T-Shirt,North,Small Business,7,438.34,0.12,2700.17,682.69
1663,2025-08-30,Home & Kitchen,Storage Box,North,Corporate,4,387.24,0.08,1425.04,451.94
1664,2025-08-30,Office Supplies,Pen Set,East,Small Business,4,282.26,0.13,982.26,367.16
1665,2025-08-30,Home & Kitchen,Lamp,West,Small Business,1,56.73,0.01,56.16,23.67
1666,2025-08-31,Office Supplies,Printer Paper,West,Corporate,2,412.73,0.01,817.21,257.83
1667,2025-08-31,Clothing,T-Shirt,West,Corporate,2,89.65,0.24,136.27,41.28
1668,2025-09-01,Office Supplies,File Folder,East,Small Business,4,107.12,0.18,351.35,105.32
1669,2025-09-01,Home & Kitchen,Storage Box,North,Corporate,6,370.21,0.23,1710.37,319.33
1670,2025-09-01,Electronics,Keyboard,South,Small Business,6,319.64,0.23,1476.74,394.96
1671,2025-09-02,Clothing,T-Shirt,North,Corporate,7,398.16,0.08,2564.15,752.51
1672,2025-09-02,Electronics,Smartphone,West,Consumer,3,52.21,0.04,150.36,65.18
1673,2025-09-02,Office Supplies,Stapler,South,Corporate,5,438.24,0.11,1950.17,358.5
1674,2025-09-03,Office Supplies,File Folder,South,Small Business,6,329.39,0.02,1936.81,446.04
1675,2025-09-03,Electronics,Headphones,North,Corporate,1,88.44,0.12,77.83,22.38
1676,2025-09-03,Office Supplies,Stapler,North,Small Business,1,76.51,0.1,68.86,27.96
1677,2025-09-04,Furniture,Table,West,Consumer,1,35.35,0.09,32.17,13.62
1678,2025-09-04,Office Supplies,Stapler,North,Corporate,2,272.04,0.17,451.59,130.94
1679,2025-09-05,Clothing,Shoes,West,Consumer,5,84.58,0.04,405.98,135.25
1680,2025-09-05,Electronics,Headphones,South,Corporate,7,258.71,0.05,1720.42,627.86
1681,2025-09-05,Clothing,Jeans,South,Corporate,2,149.38,0.24,227.06,94.55
1682,2025-09-06,Furniture,Sofa,North,Corporate,6,365.2,0.01,2169.29,738.72
1683,2025-09-06,Home & Kitchen,Coffee Maker,East,Small Business,2,248.42,0.2,397.47,76.85
1684,2025-09-06,Electronics,Smartphone,East,Corporate,4,409.98,0.07,1525.13,631.88
1685,2025-09-07,Clothing,Backpack,West,Corporate,4,41.46,0.15,140.96,29.09
1686,2025-09-07,Home & Kitchen,Cookware Set,East,Corporate,1,420.16,0.05,399.15,132.07
1687,2025-09-07,Clothing,T-Shirt,South,Corporate,2,402.89,0.14,692.97,157.3
1688,2025-09-08,Electronics,Laptop,West,Small Business,5,215.86,0.24,820.27,249.28
1689,2025-09-08,Electronics,Laptop,South,Consumer,2,104.65,0.01,207.21,59.43
1690,2025-09-09,Office Supplies,Printer Paper,East,Small Business,3,338.26,0.02,994.48,328.88
1691,2025-09-09,Office Supplies,Printer Paper,South,Consumer,4,133.42,0.15,453.63,156.97
1692,2025-09-09,Home & Kitchen,Blender,West,Small Business,3,200.65,0.21,475.54,195.33
1693,2025-09-10,Home & Kitchen,Blender,North,Corporate,5,283.35,0.13,1232.57,223.67
1694,2025-09-10,Home & Kitchen,Storage Box,South,Consumer,1,460.01,0.19,372.61,84.94
1695,2025-09-10,Home & Kitchen,Lamp,North,Consumer,1,175.24,0.15,148.95,48.76
1696,2025-09-11,Furniture,Table,North,Consumer,1,76.57,0.03,74.27,23.02
1697,2025-09-11,Office Supplies,File Folder,West,Corporate,3,37.78,0.23,87.27,37.12
1698,2025-09-11,Office Supplies,Stapler,East,Consumer,7,340.16,0.16,2000.14,678.22
1699,2025-09-12,Clothing,Shoes,South,Corporate,1,25.78,0.25,19.34,8.49
1700,2025-09-12,Home & Kitchen,Storage Box,South,Corporate,5,62.03,0.04,297.74,69.87
1701,2025-09-13,Home & Kitchen,Cookware Set,North,Small Business,7,462.38,0.02,3171.93,1187.06
1702,2025-09-13,Office Supplies,Pen Set,North,Consumer,3,172.59,0.17,429.75,81.81
1703,2025-09-13,Electronics,Monitor,South,Small Business,3,489.44,0.05,1394.9,326.72
1704,2025-09-14,Clothing,Shoes,North,Corporate,4,295.5,0.21,933.78,217.45
1705,2025-09-14,Electronics,Smartphone,South,Consumer,2,446.72,0.16,750.49,244.58
1706,2025-09-14,Clothing,Shoes,East,Corporate,3,207.06,0.03,602.54,245.32
1707,2025-09-15,Home & Kitchen,Cookware Set,West,Small Business,5,495.89,0.05,2355.48,833.91
1708,2025-09-15,Office Supplies,Pen Set,East,Consumer,7,300.67,0.23,1620.61,576.19
1709,2025-09-15,Home & Kitchen,Coffee Maker,East,Small Business,7,283.43,0.14,1706.25,671.02
1710,2025-09-16,Office Supplies,Printer Paper,North,Consumer,7,393.4,0.14,2368.27,898.73
1711,2025-09-16,Home & Kitchen,Coffee Maker,North,Small Business,7,109.94,0.13,669.53,277.7
1712,2025-09-17,Clothing,Backpack,North,Corporate,6,218.26,0.15,1113.13,346.52
1713,2025-09-17,Furniture,Office Chair,East,Corporate,6,455.39,0.06,2568.4,1092.46
1714,2025-09-17,Furniture,Bookshelf,West,Consumer,7,293.32,0.02,2012.18,888.68
1715,2025-09-18,Clothing,Backpack,North,Corporate,5,138.0,0.16,579.6,217.7
1716,2025-09-18,Office Supplies,Printer Paper,North,Corporate,1,168.3,0.16,141.37,32.76
1717,2025-09-18,Office Supplies,Notebook,West,Small Business,1,173.8,0.04,166.85,66.92
1718,2025-09-19,Furniture,Desk,West,Consumer,1,284.24,0.15,241.6,80.9
1719,2025-09-19,Office Supplies,Printer Paper,West,Consumer,2,266.27,0.05,505.91,188.96
1720,2025-09-19,Electronics,Keyboard,North,Small Business,7,433.79,0.08,2793.61,1035.72
1721,2025-09-20,Office Supplies,Notebook,East,Corporate,4,357.9,0.17,1188.23,275.57
1722,2025-09-20,Home & Kitchen,Storage Box,West,Small Business,4,498.52,0.18,1635.15,609.01
1723,2025-09-21,Electronics,Smartphone,West,Consumer,3,122.02,0.03,355.08,77.42
1724,2025-09-21,Clothing,Backpack,South,Small Business,2,457.19,0.01,905.24,282.17
1725,2025-09-21,Home & Kitchen,Storage Box,East,Corporate,6,196.36,0.22,918.96,375.97
1726,2025-09-22,Clothing,Shoes,East,Corporate,7,78.4,0.17,455.5,115.28
1727,2025-09-22,Office Supplies,Printer Paper,East,Corporate,3,222.32,0.16,560.25,139.39
1728,2025-09-22,Office Supplies,Stapler,North,Small Business,3,268.85,0.23,621.04,143.3
1729,2025-09-23,Electronics,Keyboard,West,Small Business,7,386.12,0.04,2594.73,706.85
1730,2025-09-23,Office Supplies,Notebook,South,Small Business,1,453.08,0.07,421.36,97.19
1731,2025-09-23,Furniture,Office Chair,West,Consumer,7,464.21,0.22,2534.59,603.3
1732,2025-09-24,Furniture,Sofa,South,Small Business,6,175.83,0.13,917.83,253.0
1733,2025-09-24,Office Supplies,Printer Paper,South,Consumer,4,404.16,0.22,1260.98,520.7
1734,2025-09-25,Office Supplies,Pen Set,North,Consumer,4,155.38,0.2,497.22,115.91
1735,2025-09-25,Home & Kitchen,Lamp,East,Consumer,3,438.43,0.04,1262.68,549.92
1736,2025-09-25,Office Supplies,Stapler,South,Small Business,7,96.62,0.21,534.31,161.25
1737,2025-09-26,Clothing,Backpack,West,Small Business,1,164.32,0.12,144.6,34.11
1738,2025-09-26,Clothing,Jacket,East,Consumer,4,242.36,0.18,794.94,159.79
1739,2025-09-26,Clothing,Shoes,East,Corporate,7,311.82,0.08,2008.12,726.84
1740,2025-09-27,Office Supplies,Printer Paper,North,Consumer,4,128.04,0.17,425.09,119.03
1741,2025-09-27,Furniture,Sofa,East,Corporate,6,457.08,0.06,2577.93,1120.98
1742,2025-09-27,Electronics,Smartphone,West,Consumer,2,96.22,0.12,169.35,74.69
1743,2025-09-28,Electronics,Monitor,South,Consumer,6,244.89,0.11,1307.71,281.58
1744,2025-09-28,Clothing,Backpack,South,Consumer,5,395.76,0.05,1879.86,429.61
1745,2025-09-29,Office Supplies,Notebook,South,Corporate,2,37.34,0.23,57.5,15.62
1746,2025-09-29,Electronics,Laptop,North,Consumer,5,140.91,0.0,704.55,245.44
1747,2025-09-29,Home & Kitchen,Cookware Set,South,Corporate,1,66.12,0.14,56.86,17.71
1748,2025-09-30,Furniture,Sofa,East,Consumer,6,370.44,0.22,1733.66,441.82
1749,2025-09-30,Electronics,Keyboard,North,Corporate,4,132.45,0.02,519.2,129.34
1750,2025-09-30,Electronics,Keyboard,South,Consumer,4,497.25,0.06,1869.66,814.17
1751,2025-10-01,Home & Kitchen,Cookware Set,South,Consumer,6,180.5,0.11,963.87,257.92
1752,2025-10-01,Furniture,Bookshelf,West,Corporate,6,392.35,0.12,2071.61,379.13
1753,2025-10-02,Furniture,Desk,North,Consumer,1,444.95,0.1,400.45,86.9
1754,2025-10-02,Furniture,Office Chair,South,Small Business,3,173.05,0.24,394.55,164.56
1755,2025-10-02,Electronics,Laptop,East,Consumer,1,128.28,0.02,125.71,50.22
1756,2025-10-03,Clothing,Jacket,North,Small Business,6,197.78,0.22,925.61,190.28
1757,2025-10-03,Electronics,Headphones,South,Consumer,2,422.4,0.08,777.22,200.99
1758,2025-10-03,Electronics,Monitor,North,Consumer,7,75.07,0.02,514.98,105.29
1759,2025-10-04,Clothing,Backpack,North,Consumer,5,72.55,0.04,348.24,111.9
1760,2025-10-04,Clothing,Jacket,West,Corporate,5,249.18,0.05,1183.61,495.69
1761,2025-10-04,Office Supplies,Notebook,West,Small Business,1,404.45,0.25,303.34,86.88
1762,2025-10-05,Furniture,Sofa,South,Corporate,4,380.95,0.11,1356.18,393.43
1763,2025-10-05,Furniture,Sofa,West,Consumer,1,259.12,0.2,207.3,51.9
1764,2025-10-06,Home & Kitchen,Cookware Set,East,Corporate,6,399.67,0.06,2254.14,901.18
1765,2025-10-06,Home & Kitchen,Lamp,West,Small Business,3,185.88,0.01,552.06,221.73
1766,2025-10-06,Electronics,Smartphone,South,Small Business,5,259.29,0.21,1024.2,320.37
1767,2025-10-07,Home & Kitchen,Cookware Set,North,Consumer,3,319.42,0.05,910.35,373.77
1768,2025-10-07,Office Supplies,Printer Paper,South,Corporate,7,407.01,0.02,2792.09,1004.05
1769,2025-10-07,Furniture,Desk,North,Corporate,2,349.07,0.14,600.4,230.98
1770,2025-10-08,Office Supplies,Printer Paper,East,Corporate,3,326.76,0.15,833.24,218.36
1771,2025-10-08,Office Supplies,Stapler,East,Corporate,1,108.68,0.12,95.64,30.84
1772,2025-10-08,Home & Kitchen,Coffee Maker,East,Corporate,7,215.0,0.02,1474.9,434.41
1773,2025-10-09,Electronics,Smartphone,South,Consumer,3,57.23,0.05,163.11,49.38
1774,2025-10-09,Electronics,Smartphone,North,Consumer,1,17.93,0.12,15.78,6.58
1775,2025-10-10,Electronics,Smartphone,North,Corporate,2,483.43,0.05,918.52,229.43
1776,2025-10-10,Home & Kitchen,Cookware Set,North,Corporate,5,440.16,0.18,1804.66,665.21
1777,2025-10-10,Electronics,Laptop,West,Small Business,6,383.51,0.08,2116.98,408.46
1778,2025-10-11,Office Supplies,Stapler,East,Small Business,1,167.31,0.12,147.23,57.64
1779,2025-10-11,Furniture,Table,South,Consumer,2,220.53,0.09,401.36,76.41
1780,2025-10-11,Office Supplies,Printer Paper,North,Small Business,1,456.13,0.14,392.27,95.8
1781,2025-10-12,Office Supplies,Pen Set,North,Corporate,1,426.51,0.09,388.12,91.46
1782,2025-10-12,Clothing,Backpack,West,Corporate,6,206.6,0.01,1227.2,419.08
1783,2025-10-12,Home & Kitchen,Lamp,East,Corporate,6,322.85,0.05,1840.25,455.78
1784,2025-10-13,Furniture,Office Chair,West,Consumer,2,28.03,0.1,50.45,21.26
1785,2025-10-13,Furniture,Bookshelf,West,Consumer,2,222.15,0.12,390.98,81.15
1786,2025-10-14,Home & Kitchen,Cookware Set,South,Corporate,4,74.87,0.05,284.51,127.96
1787,2025-10-14,Electronics,Smartphone,West,Small Business,7,203.03,0.03,1378.57,345.6
1788,2025-10-14,Office Supplies,Stapler,West,Consumer,2,429.94,0.1,773.89,283.6
1789,2025-10-15,Home & Kitchen,Lamp,North,Small Business,6,67.46,0.21,319.76,90.87
1790,2025-10-15,Office Supplies,Stapler,North,Small Business,3,427.93,0.02,1258.11,445.19
1791,2025-10-15,Office Supplies,Printer Paper,North,Corporate,5,357.7,0.13,1555.99,433.29
1792,2025-10-16,Electronics,Headphones,South,Consumer,5,377.79,0.21,1492.27,387.74
1793,2025-10-16,Office Supplies,Printer Paper,South,Corporate,4,108.54,0.02,425.48,130.32
1794,2025-10-16,Electronics,Laptop,West,Corporate,3,161.85,0.13,422.43,125.72
1795,2025-10-17,Home & Kitchen,Cookware Set,East,Corporate,2,360.21,0.22,561.93,164.46
1796,2025-10-17,Clothing,T-Shirt,East,Consumer,2,301.98,0.05,573.76,154.91
1797,2025-10-18,Clothing,T-Shirt,South,Consumer,2,271.4,0.08,499.38,154.7
1798,2025-10-18,Clothing,Shoes,South,Consumer,5,201.99,0.13,878.66,192.32
1799,2025-10-18,Home & Kitchen,Lamp,North,Consumer,2,48.81,0.22,76.14,26.29
1800,2025-10-19,Furniture,Sofa,South,Consumer,4,168.26,0.21,531.7,233.39
1801,2025-10-19,Office Supplies,Printer Paper,West,Corporate,6,250.23,0.02,1471.35,275.78
1802,2025-10-19,Home & Kitchen,Coffee Maker,West,Consumer,6,236.92,0.12,1250.94,298.46
1803,2025-10-20,Clothing,Shoes,West,Corporate,2,109.55,0.13,190.62,46.21
1804,2025-10-20,Furniture,Office Chair,East,Consumer,3,399.09,0.1,1077.54,361.26
1805,2025-10-20,Electronics,Smartphone,East,Small Business,2,142.27,0.11,253.24,111.23
1806,2025-10-21,Furniture,Sofa,South,Consumer,6,332.09,0.09,1813.21,513.77
1807,2025-10-21,Furniture,Table,East,Consumer,1,483.64,0.24,367.57,79.55
1808,2025-10-22,Electronics,Keyboard,East,Small Business,2,320.92,0.11,571.24,182.71
1809,2025-10-22,Electronics,Keyboard,North,Corporate,2,42.27,0.12,74.4,15.14
1810,2025-10-22,Home & Kitchen,Blender,East,Corporate,5,121.85,0.13,530.05,223.87
1811,2025-10-23,Office Supplies,Stapler,East,Consumer,4,273.42,0.22,853.07,223.82
1812,2025-10-23,Furniture,Desk,West,Small Business,4,76.17,0.15,258.98,62.95
1813,2025-10-23,Home & Kitchen,Storage Box,South,Corporate,5,108.1,0.18,443.21,166.95
1814,2025-10-24,Furniture,Table,North,Small Business,3,160.97,0.05,458.76,112.74
1815,2025-10-24,Clothing,Jeans,North,Consumer,5,34.56,0.08,158.98,51.43
1816,2025-10-24,Office Supplies,File Folder,West,Small Business,7,476.77,0.09,3037.02,558.3
1817,2025-10-25,Home & Kitchen,Cookware Set,North,Consumer,1,19.26,0.1,17.33,6.39
1818,2025-10-25,Clothing,Backpack,South,Corporate,6,322.76,0.16,1626.71,678.99
1819,2025-10-26,Furniture,Sofa,South,Corporate,7,471.55,0.17,2739.71,964.05
1820,2025-10-26,Clothing,Backpack,East,Corporate,1,119.35,0.16,100.25,20.11
1821,2025-10-26,Office Supplies,Notebook,East,Corporate,7,373.19,0.02,2560.08,884.38
1822,2025-10-27,Clothing,Shoes,West,Corporate,7,326.75,0.18,1875.55,349.44
1823,2025-10-27,Clothing,Backpack,South,Small Business,3,325.58,0.21,771.62,192.88
1824,2025-10-27,Electronics,Headphones,South,Small Business,1,302.63,0.12,266.31,110.25
1825,2025-10-28,Clothing,Jeans,West,Corporate,4,126.74,0.07,471.47,165.14
1826,2025-10-28,Electronics,Monitor,South,Consumer,3,434.8,0.14,1121.78,300.65
1827,2025-10-28,Clothing,T-Shirt,West,Small Business,3,214.2,0.13,559.06,250.47
1828,2025-10-29,Office Supplies,Pen Set,North,Small Business,2,430.57,0.12,757.8,267.41
1829,2025-10-29,Home & Kitchen,Blender,East,Corporate,4,470.36,0.07,1749.74,562.76
1830,2025-10-30,Electronics,Headphones,North,Small Business,1,498.45,0.11,443.62,186.32
1831,2025-10-30,Clothing,Jeans,West,Consumer,7,91.85,0.02,630.09,143.58
1832,2025-10-30,Home & Kitchen,Coffee Maker,South,Corporate,2,422.13,0.16,709.18,201.36
1833,2025-10-31,Clothing,Shoes,West,Consumer,4,393.32,0.12,1384.49,537.99
1834,2025-10-31,Clothing,Jacket,North,Consumer,2,412.96,0.0,825.92,269.81
1835,2025-10-31,Home & Kitchen,Cookware Set,North,Consumer,2,138.55,0.09,252.16,65.43
1836,2025-11-01,Clothing,T-Shirt,North,Consumer,7,323.42,0.19,1833.79,785.99
1837,2025-11-01,Furniture,Office Chair,East,Small Business,6,241.84,0.15,1233.38,412.37
1838,2025-11-01,Clothing,Jeans,East,Consumer,1,69.29,0.15,58.9,17.47
1839,2025-11-02,Clothing,Jeans,South,Small Business,4,203.77,0.22,635.76,132.64
1840,2025-11-02,Home & Kitchen,Lamp,South,Corporate,7,42.76,0.23,230.48,100.57
1841,2025-11-03,Electronics,Keyboard,North,Small Business,5,84.26,0.14,362.32,135.4
1842,2025-11-03,Electronics,Laptop,East,Consumer,5,41.66,0.14,179.14,76.62
1843,2025-11-03,Home & Kitchen,Storage Box,West,Small Business,7,51.05,0.03,346.63,74.59
1844,2025-11-04,Office Supplies,File Folder,East,Small Business,5,183.39,0.2,733.56,206.27
1845,2025-11-04,Furniture,Desk,East,Corporate,3,275.71,0.0,827.13,314.67
1846,2025-11-04,Clothing,Jacket,East,Consumer,1,118.37,0.22,92.33,17.72
1847,2025-11-05,Clothing,Backpack,West,Consumer,4,489.07,0.21,1545.46,487.52
1848,2025-11-05,Electronics,Keyboard,East,Corporate,3,65.32,0.07,182.24,77.55
1849,2025-11-05,Electronics,Monitor,North,Small Business,3,21.63,0.22,50.61,22.38
1850,2025-11-06,Clothing,Shoes,West,Consumer,5,264.23,0.2,1056.92,379.16
1851,2025-11-06,Home & Kitchen,Coffee Maker,South,Small Business,5,259.68,0.07,1207.51,540.42
1852,2025-11-07,Clothing,Jeans,North,Consumer,6,53.61,0.18,263.76,72.09
1853,2025-11-07,Furniture,Table,West,Corporate,6,464.03,0.16,2338.71,806.93
1854,2025-11-07,Office Supplies,Notebook,South,Consumer,3,363.31,0.03,1057.23,304.6
1855,2025-11-08,Clothing,Shoes,East,Corporate,7,483.81,0.11,3014.14,1095.13
1856,2025-11-08,Clothing,Backpack,East,Consumer,6,66.61,0.21,315.73,130.23
1857,2025-11-08,Clothing,Jeans,East,Corporate,5,359.91,0.0,1799.55,438.66
1858,2025-11-09,Furniture,Desk,South,Consumer,7,294.62,0.25,1546.76,595.14
1859,2025-11-09,Office Supplies,Stapler,South,Consumer,3,57.96,0.17,144.32,62.45
1860,2025-11-09,Furniture,Bookshelf,North,Corporate,6,206.78,0.17,1029.76,236.85
1861,2025-11-10,Office Supplies,Pen Set,North,Consumer,6,343.42,0.03,1998.7,862.22
1862,2025-11-10,Home & Kitchen,Cookware Set,East,Consumer,4,58.44,0.18,191.68,72.22
1863,2025-11-11,Furniture,Office Chair,West,Small Business,3,261.93,0.03,762.22,164.73
1864,2025-11-11,Office Supplies,Pen Set,East,Consumer,4,132.2,0.02,518.22,188.86
1865,2025-11-11,Home & Kitchen,Lamp,West,Consumer,6,424.76,0.09,2319.19,613.3
1866,2025-11-12,Office Supplies,Notebook,West,Small Business,1,496.58,0.19,402.23,156.48
1867,2025-11-12,Office Supplies,Printer Paper,South,Consumer,6,162.49,0.2,779.95,289.08
1868,2025-11-12,Clothing,Backpack,South,Consumer,1,65.64,0.14,56.45,17.3
1869,2025-11-13,Electronics,Smartphone,East,Consumer,3,245.1,0.08,676.48,198.6
1870,2025-11-13,Furniture,Desk,East,Consumer,4,266.59,0.01,1055.7,408.69
1871,2025-11-13,Furniture,Office Chair,North,Small Business,7,259.5,0.08,1671.18,635.57
1872,2025-11-14,Electronics,Smartphone,South,Corporate,3,94.32,0.08,260.32,73.49
1873,2025-11-14,Clothing,T-Shirt,West,Consumer,7,327.3,0.21,1809.97,532.34
1874,2025-11-15,Furniture,Sofa,East,Small Business,7,414.52,0.02,2843.61,614.59
1875,2025-11-15,Furniture,Desk,South,Corporate,3,350.45,0.2,841.08,341.39
1876,2025-11-15,Office Supplies,Printer Paper,North,Small Business,4,269.24,0.17,893.88,337.77
1877,2025-11-16,Clothing,Backpack,South,Consumer,7,416.67,0.16,2450.02,1052.71
1878,2025-11-16,Office Supplies,Printer Paper,East,Corporate,7,80.8,0.07,526.01,182.02
1879,2025-11-16,Home & Kitchen,Cookware Set,South,Small Business,7,292.5,0.23,1576.58,344.14
1880,2025-11-17,Clothing,Jacket,East,Consumer,5,466.38,0.01,2308.58,604.6
1881,2025-11-17,Home & Kitchen,Cookware Set,East,Small Business,3,59.51,0.17,148.18,31.5
1882,2025-11-18,Office Supplies,Stapler,East,Small Business,7,387.42,0.19,2196.67,639.54
1883,2025-11-18,Furniture,Desk,South,Corporate,6,355.23,0.11,1896.93,825.4
1884,2025-11-18,Clothing,Backpack,North,Small Business,7,325.93,0.08,2098.99,646.83
1885,2025-11-19,Electronics,Monitor,South,Corporate,2,335.98,0.2,537.57,133.11
1886,2025-11-19,Clothing,Jeans,North,Small Business,5,75.75,0.16,318.15,139.75
1887,2025-11-19,Clothing,Backpack,South,Corporate,7,254.58,0.22,1390.01,348.97
1888,2025-11-20,Office Supplies,Notebook,South,Consumer,3,185.69,0.11,495.79,133.19
1889,2025-11-20,Office Supplies,File Folder,North,Consumer,4,264.3,0.15,898.62,251.07
1890,2025-11-20,Furniture,Desk,North,Corporate,5,367.81,0.22,1434.46,572.13
1891,2025-11-21,Electronics,Smartphone,North,Consumer,6,38.77,0.14,200.05,45.76
1892,2025-11-21,Electronics,Laptop,North,Small Business,7,497.47,0.24,2646.54,876.01
1893,2025-11-22,Clothing,Shoes,North,Small Business,7,348.17,0.22,1901.01,501.6
1894,2025-11-22,Furniture,Desk,South,Consumer,1,383.23,0.15,325.75,139.78
1895,2025-11-22,Home & Kitchen,Blender,South,Corporate,6,295.7,0.15,1508.07,360.44
1896,2025-11-23,Furniture,Table,North,Consumer,6,377.55,0.21,1789.59,667.06
1897,2025-11-23,Electronics,Monitor,East,Corporate,1,31.01,0.24,23.57,9.27
1898,2025-11-23,Office Supplies,Stapler,East,Small Business,5,458.69,0.05,2178.78,895.6
1899,2025-11-24,Electronics,Monitor,North,Small Business,6,449.11,0.14,2317.41,823.35
1900,2025-11-24,Furniture,Bookshelf,South,Corporate,4,232.27,0.1,836.17,154.1
1901,2025-11-24,Electronics,Headphones,East,Consumer,2,288.83,0.06,543.0,110.16
1902,2025-11-25,Furniture,Office Chair,West,Corporate,5,474.44,0.05,2253.59,640.71
1903,2025-11-25,Home & Kitchen,Lamp,South,Corporate,4,267.63,0.12,942.06,405.86
1904,2025-11-26,Clothing,T-Shirt,West,Small Business,7,65.76,0.11,409.68,96.35
1905,2025-11-26,Office Supplies,File Folder,West,Consumer,4,422.41,0.14,1453.09,619.84
1906,2025-11-26,Furniture,Desk,West,Small Business,1,192.46,0.06,180.91,70.75
1907,2025-11-27,Home & Kitchen,Cookware Set,East,Corporate,5,224.03,0.13,974.53,401.55
1908,2025-11-27,Electronics,Smartphone,East,Corporate,2,350.51,0.17,581.85,107.88
1909,2025-11-27,Furniture,Bookshelf,South,Consumer,4,148.39,0.06,557.95,121.96
1910,2025-11-28,Clothing,Jacket,North,Consumer,5,384.63,0.23,1480.83,290.24
1911,2025-11-28,Home & Kitchen,Cookware Set,South,Consumer,1,317.7,0.12,279.58,59.71
1912,2025-11-28,Home & Kitchen,Storage Box,North,Small Business,2,364.71,0.06,685.65,175.37
1913,2025-11-29,Home & Kitchen,Lamp,East,Corporate,2,237.01,0.02,464.54,96.39
1914,2025-11-29,Office Supplies,Pen Set,South,Corporate,2,304.08,0.03,589.92,262.77
1915,2025-11-30,Clothing,Jeans,North,Consumer,1,405.67,0.02,397.56,134.49
1916,2025-11-30,Clothing,Jeans,South,Consumer,4,320.63,0.25,961.89,343.43
1917,2025-11-30,Office Supplies,Printer Paper,North,Corporate,4,394.14,0.05,1497.73,568.57
1918,2025-12-01,Furniture,Bookshelf,East,Small Business,6,264.56,0.18,1301.64,267.3
1919,2025-12-01,Electronics,Headphones,East,Corporate,5,84.66,0.16,355.57,90.17
1920,2025-12-01,Furniture,Sofa,West,Small Business,6,249.32,0.02,1466.0,417.8
1921,2025-12-02,Electronics,Headphones,East,Consumer,5,257.52,0.03,1248.97,365.69
1922,2025-12-02,Office Supplies,Printer Paper,South,Consumer,1,410.79,0.11,365.6,85.91
1923,2025-12-02,Furniture,Table,South,Consumer,1,361.75,0.06,340.04,69.45
1924,2025-12-03,Clothing,Shoes,East,Small Business,6,327.2,0.07,1825.78,599.93
1925,2025-12-03,Home & Kitchen,Lamp,West,Consumer,6,260.43,0.04,1500.08,286.32
1926,2025-12-04,Office Supplies,File Folder,West,Corporate,3,384.75,0.04,1108.08,496.06
1927,2025-12-04,Office Supplies,Pen Set,East,Consumer,2,18.62,0.11,33.14,8.49
1928,2025-12-04,Office Supplies,Notebook,West,Consumer,7,491.39,0.1,3095.76,1244.41
1929,2025-12-05,Furniture,Table,North,Consumer,5,417.52,0.1,1878.84,714.45
1930,2025-12-05,Office Supplies,Notebook,North,Small Business,3,355.05,0.01,1054.5,214.94
1931,2025-12-05,Electronics,Headphones,South,Corporate,1,78.38,0.07,72.89,15.7
1932,2025-12-06,Furniture,Desk,South,Consumer,3,363.86,0.15,927.84,397.07
1933,2025-12-06,Furniture,Desk,West,Small Business,7,468.42,0.16,2754.31,571.13
1934,2025-12-06,Furniture,Office Chair,North,Small Business,5,237.47,0.05,1127.98,415.49
1935,2025-12-07,Clothing,Jeans,South,Small Business,1,464.39,0.18,380.8,128.29
1936,2025-12-07,Furniture,Bookshelf,South,Small Business,6,189.0,0.16,952.56,244.79
1937,2025-12-08,Electronics,Keyboard,North,Consumer,4,329.29,0.06,1238.13,317.28
1938,2025-12-08,Office Supplies,Stapler,North,Consumer,7,215.15,0.03,1460.87,456.56
1939,2025-12-08,Office Supplies,Stapler,South,Small Business,3,347.09,0.05,989.21,381.31
1940,2025-12-09,Clothing,Jeans,West,Small Business,1,24.53,0.22,19.13,3.62
1941,2025-12-09,Furniture,Desk,South,Corporate,6,431.2,0.1,2328.48,431.54
1942,2025-12-09,Electronics,Laptop,East,Consumer,5,316.94,0.08,1457.92,510.92
1943,2025-12-10,Electronics,Laptop,West,Consumer,5,424.43,0.03,2058.49,637.18
1944,2025-12-10,Electronics,Monitor,West,Corporate,2,469.2,0.21,741.34,175.21
1945,2025-12-10,Home & Kitchen,Coffee Maker,West,Small Business,5,476.85,0.01,2360.41,966.65
1946,2025-12-11,Electronics,Smartphone,South,Consumer,3,480.78,0.01,1427.92,587.41
1947,2025-12-11,Office Supplies,Pen Set,North,Consumer,2,337.98,0.21,534.01,238.39
1948,2025-12-12,Home & Kitchen,Lamp,North,Corporate,7,411.8,0.17,2392.56,995.53
1949,2025-12-12,Electronics,Laptop,West,Consumer,3,329.4,0.04,948.67,203.45
1950,2025-12-12,Electronics,Monitor,North,Consumer,3,266.41,0.02,783.25,219.9
1951,2025-12-13,Office Supplies,Stapler,North,Corporate,5,468.19,0.05,2223.9,559.41
1952,2025-12-13,Clothing,Shoes,North,Corporate,2,141.43,0.07,263.06,118.33
1953,2025-12-13,Clothing,T-Shirt,West,Corporate,2,22.72,0.15,38.62,7.36
1954,2025-12-14,Clothing,T-Shirt,South,Consumer,7,147.97,0.08,952.93,232.47
1955,2025-12-14,Furniture,Table,South,Corporate,2,36.59,0.07,68.06,22.33
1956,2025-12-14,Home & Kitchen,Storage Box,East,Consumer,6,296.94,0.02,1746.01,695.35
1957,2025-12-15,Office Supplies,Notebook,East,Consumer,2,274.81,0.1,494.66,109.31
1958,2025-12-15,Furniture,Office Chair,South,Consumer,7,283.78,0.15,1688.49,333.77
1959,2025-12-16,Office Supplies,Pen Set,West,Corporate,6,400.07,0.12,2112.37,760.05
1960,2025-12-16,Furniture,Sofa,East,Consumer,3,162.97,0.04,469.35,152.83
1961,2025-12-16,Office Supplies,Printer Paper,West,Consumer,6,187.93,0.11,1003.55,189.98
1962,2025-12-17,Electronics,Monitor,South,Small Business,4,369.54,0.02,1448.6,392.15
1963,2025-12-17,Clothing,T-Shirt,East,Consumer,7,288.41,0.05,1917.93,478.83
1964,2025-12-17,Furniture,Office Chair,East,Small Business,6,346.41,0.05,1974.54,450.89
1965,2025-12-18,Home & Kitchen,Cookware Set,West,Consumer,1,266.82,0.06,250.81,104.5
1966,2025-12-18,Office Supplies,Notebook,South,Consumer,3,462.79,0.14,1194.0,450.34
1967,2025-12-18,Clothing,Jacket,West,Small Business,4,368.39,0.13,1282.0,506.95
1968,2025-12-19,Office Supplies,Pen Set,East,Small Business,7,434.67,0.15,2586.29,655.79
1969,2025-12-19,Office Supplies,File Folder,South,Small Business,5,381.81,0.13,1660.87,712.65
1970,2025-12-20,Clothing,Shoes,East,Corporate,6,467.6,0.16,2356.7,550.31
1971,2025-12-20,Office Supplies,File Folder,South,Corporate,3,394.83,0.04,1137.11,354.43
1972,2025-12-20,Office Supplies,Notebook,East,Corporate,3,99.82,0.17,248.55,100.21
1973,2025-12-21,Clothing,Jacket,West,Corporate,7,113.39,0.19,642.92,116.49
1974,2025-12-21,Home & Kitchen,Lamp,West,Corporate,4,161.07,0.06,605.62,211.65
1975,2025-12-21,Electronics,Laptop,West,Small Business,3,289.76,0.16,730.2,268.93
1976,2025-12-22,Electronics,Laptop,West,Consumer,3,92.38,0.22,216.17,96.69
1977,2025-12-22,Furniture,Desk,West,Corporate,7,302.85,0.05,2013.95,843.02
1978,2025-12-22,Clothing,T-Shirt,West,Consumer,6,189.65,0.02,1115.14,424.48
1979,2025-12-23,Furniture,Bookshelf,North,Small Business,6,90.59,0.06,510.93,113.74
1980,2025-12-23,Clothing,Shoes,East,Consumer,7,210.23,0.23,1133.14,310.97
1981,2025-12-24,Furniture,Table,South,Corporate,3,178.55,0.1,482.09,210.27
1982,2025-12-24,Home & Kitchen,Storage Box,South,Small Business,4,185.09,0.19,599.69,139.81
1983,2025-12-24,Furniture,Office Chair,South,Small Business,5,402.25,0.18,1649.23,657.38
1984,2025-12-25,Clothing,Backpack,North,Small Business,2,478.61,0.02,938.08,332.24
1985,2025-12-25,Clothing,Backpack,East,Small Business,3,258.06,0.1,696.76,130.67
1986,2025-12-25,Office Supplies,File Folder,West,Small Business,7,61.0,0.14,367.22,91.83
1987,2025-12-26,Furniture,Office Chair,East,Small Business,5,401.75,0.18,1647.18,702.92
1988,2025-12-26,Office Supplies,Printer Paper,East,Small Business,7,203.49,0.01,1410.19,285.21
1989,2025-12-26,Electronics,Headphones,East,Corporate,3,428.0,0.04,1232.64,230.28
1990,2025-12-27,Clothing,Jacket,North,Small Business,3,161.99,0.16,408.21,145.12
1991,2025-12-27,Furniture,Sofa,South,Consumer,1,420.24,0.24,319.38,76.88
1992,2025-12-28,Clothing,Backpack,South,Consumer,3,261.81,0.02,769.72,266.58
1993,2025-12-28,Electronics,Laptop,East,Small Business,2,234.32,0.04,449.89,155.15
1994,2025-12-28,Home & Kitchen,Lamp,West,Corporate,2,442.41,0.09,805.19,344.24
1995,2025-12-29,Office Supplies,Pen Set,East,Corporate,3,392.29,0.1,1059.18,349.91
1996,2025-12-29,Clothing,T-Shirt,North,Consumer,1,269.26,0.17,223.49,84.31
1997,2025-12-29,Clothing,T-Shirt,South,Small Business,5,287.54,0.08,1322.68,565.08
1998,2025-12-30,Electronics,Smartphone,North,Consumer,1,52.21,0.11,46.47,15.36
1999,2025-12-30,Electronics,Monitor,East,Corporate,3,241.34,0.01,716.78,315.28
2000,2025-12-31,Clothing,Backpack,South,Consumer,2,60.78,0.03,117.91,39.87
